TimeQuest Timing Analyzer report for mmc3
Mon Nov 11 16:43:41 2024
Quartus II 64-Bit Version 13.0.1 Build 232 06/12/2013 Service Pack 1 SJ Web Edition


---------------------
; Table of Contents ;
---------------------
  1. Legal Notice
  2. TimeQuest Timing Analyzer Summary
  3. Parallel Compilation
  4. Clocks
  5. Fmax Summary
  6. Setup Summary
  7. Hold Summary
  8. Recovery Summary
  9. Removal Summary
 10. Minimum Pulse Width Summary
 11. Setup: 'ppu_addr[12]'
 12. Setup: 'romsel'
 13. Setup: 'm2'
 14. Hold: 'ppu_addr[12]'
 15. Hold: 'romsel'
 16. Hold: 'm2'
 17. Recovery: 'm2'
 18. Removal: 'm2'
 19. Minimum Pulse Width: 'm2'
 20. Minimum Pulse Width: 'ppu_addr[12]'
 21. Minimum Pulse Width: 'romsel'
 22. Setup Times
 23. Hold Times
 24. Clock to Output Times
 25. Minimum Clock to Output Times
 26. Propagation Delay
 27. Minimum Propagation Delay
 28. Setup Transfers
 29. Hold Transfers
 30. Recovery Transfers
 31. Removal Transfers
 32. Report TCCS
 33. Report RSKM
 34. Unconstrained Paths
 35. TimeQuest Timing Analyzer Messages



----------------
; Legal Notice ;
----------------
Copyright (C) 1991-2013 Altera Corporation
Your use of Altera Corporation's design tools, logic functions 
and other software and tools, and its AMPP partner logic 
functions, and any output files from any of the foregoing 
(including device programming or simulation files), and any 
associated documentation or information are expressly subject 
to the terms and conditions of the Altera Program License 
Subscription Agreement, Altera MegaCore Function License 
Agreement, or other applicable license agreement, including, 
without limitation, that your use is for the sole purpose of 
programming logic devices manufactured by Altera and sold by 
Altera or its authorized distributors.  Please refer to the 
applicable agreement for further details.



+----------------------------------------------------------------------------------------+
; TimeQuest Timing Analyzer Summary                                                      ;
+--------------------+-------------------------------------------------------------------+
; Quartus II Version ; Version 13.0.1 Build 232 06/12/2013 Service Pack 1 SJ Web Edition ;
; Revision Name      ; mmc3                                                              ;
; Device Family      ; MAX II                                                            ;
; Device Name        ; EPM240T100C5                                                      ;
; Timing Models      ; Final                                                             ;
; Delay Model        ; Slow Model                                                        ;
; Rise/Fall Delays   ; Unavailable                                                       ;
+--------------------+-------------------------------------------------------------------+


Parallel compilation was disabled, but you have multiple processors available. Enable parallel compilation to reduce compilation time.
+-------------------------------------+
; Parallel Compilation                ;
+----------------------------+--------+
; Processors                 ; Number ;
+----------------------------+--------+
; Number detected on machine ; 4      ;
; Maximum allowed            ; 1      ;
+----------------------------+--------+


+--------------------------------------------------------------------------------------------------------------------------------------------------------------------------------------------+
; Clocks                                                                                                                                                                                     ;
+--------------+------+--------+------------+-------+-------+------------+-----------+-------------+-------+--------+-----------+------------+----------+--------+--------+------------------+
; Clock Name   ; Type ; Period ; Frequency  ; Rise  ; Fall  ; Duty Cycle ; Divide by ; Multiply by ; Phase ; Offset ; Edge List ; Edge Shift ; Inverted ; Master ; Source ; Targets          ;
+--------------+------+--------+------------+-------+-------+------------+-----------+-------------+-------+--------+-----------+------------+----------+--------+--------+------------------+
; m2           ; Base ; 1.000  ; 1000.0 MHz ; 0.000 ; 0.500 ;            ;           ;             ;       ;        ;           ;            ;          ;        ;        ; { m2 }           ;
; ppu_addr[12] ; Base ; 1.000  ; 1000.0 MHz ; 0.000 ; 0.500 ;            ;           ;             ;       ;        ;           ;            ;          ;        ;        ; { ppu_addr[12] } ;
; romsel       ; Base ; 1.000  ; 1000.0 MHz ; 0.000 ; 0.500 ;            ;           ;             ;       ;        ;           ;            ;          ;        ;        ; { romsel }       ;
+--------------+------+--------+------------+-------+-------+------------+-----------+-------------+-------+--------+-----------+------------+----------+--------+--------+------------------+


+-------------------------------------------------------------------------------------------------------------+
; Fmax Summary                                                                                                ;
+------------+-----------------+--------------+---------------------------------------------------------------+
; Fmax       ; Restricted Fmax ; Clock Name   ; Note                                                          ;
+------------+-----------------+--------------+---------------------------------------------------------------+
; 100.23 MHz ; 100.23 MHz      ; ppu_addr[12] ;                                                               ;
; 171.14 MHz ; 171.14 MHz      ; romsel       ;                                                               ;
; 396.98 MHz ; 304.04 MHz      ; m2           ; limit due to minimum period restriction (max I/O toggle rate) ;
+------------+-----------------+--------------+---------------------------------------------------------------+
This panel reports FMAX for every clock in the design, regardless of the user-specified clock periods.  FMAX is only computed for paths where the source and destination registers or ports are driven by the same clock.  Paths of different clocks, including generated clocks, are ignored.  For paths between a clock and its inversion, FMAX is computed as if the rising and falling edges are scaled along with FMAX, such that the duty cycle (in terms of a percentage) is maintained. Altera recommends that you always use clock constraints and other slack reports for sign-off analysis.


+---------------------------------------+
; Setup Summary                         ;
+--------------+--------+---------------+
; Clock        ; Slack  ; End Point TNS ;
+--------------+--------+---------------+
; ppu_addr[12] ; -8.977 ; -69.310       ;
; romsel       ; -4.843 ; -265.239      ;
; m2           ; -1.519 ; -3.022        ;
+--------------+--------+---------------+


+---------------------------------------+
; Hold Summary                          ;
+--------------+--------+---------------+
; Clock        ; Slack  ; End Point TNS ;
+--------------+--------+---------------+
; ppu_addr[12] ; -1.106 ; -6.126        ;
; romsel       ; 1.649  ; 0.000         ;
; m2           ; 1.687  ; 0.000         ;
+--------------+--------+---------------+


+--------------------------------+
; Recovery Summary               ;
+-------+--------+---------------+
; Clock ; Slack  ; End Point TNS ;
+-------+--------+---------------+
; m2    ; -4.104 ; -8.208        ;
+-------+--------+---------------+


+-------------------------------+
; Removal Summary               ;
+-------+-------+---------------+
; Clock ; Slack ; End Point TNS ;
+-------+-------+---------------+
; m2    ; 4.050 ; 0.000         ;
+-------+-------+---------------+


+---------------------------------------+
; Minimum Pulse Width Summary           ;
+--------------+--------+---------------+
; Clock        ; Slack  ; End Point TNS ;
+--------------+--------+---------------+
; m2           ; -2.289 ; -2.289        ;
; ppu_addr[12] ; -2.289 ; -2.289        ;
; romsel       ; -2.289 ; -2.289        ;
+--------------+--------+---------------+


+---------------------------------------------------------------------------------------------------------------------------------------+
; Setup: 'ppu_addr[12]'                                                                                                                 ;
+--------+---------------------------+---------------------------+--------------+--------------+--------------+------------+------------+
; Slack  ; From Node                 ; To Node                   ; Launch Clock ; Latch Clock  ; Relationship ; Clock Skew ; Data Delay ;
+--------+---------------------------+---------------------------+--------------+--------------+--------------+------------+------------+
; -8.977 ; irq_scanline_counter[5]   ; irq_scanline_value        ; ppu_addr[12] ; ppu_addr[12] ; 1.000        ; 0.000      ; 9.644      ;
; -8.778 ; irq_scanline_counter[6]   ; irq_scanline_value        ; ppu_addr[12] ; ppu_addr[12] ; 1.000        ; 0.000      ; 9.445      ;
; -8.415 ; irq_scanline_counter[1]   ; irq_scanline_value        ; ppu_addr[12] ; ppu_addr[12] ; 1.000        ; 0.000      ; 9.082      ;
; -8.271 ; irq_scanline_counter[4]   ; irq_scanline_value        ; ppu_addr[12] ; ppu_addr[12] ; 1.000        ; 0.000      ; 8.938      ;
; -8.229 ; irq_scanline_counter[2]   ; irq_scanline_value        ; ppu_addr[12] ; ppu_addr[12] ; 1.000        ; 0.000      ; 8.896      ;
; -8.122 ; irq_scanline_counter[3]   ; irq_scanline_value        ; ppu_addr[12] ; ppu_addr[12] ; 1.000        ; 0.000      ; 8.789      ;
; -8.094 ; irq_scanline_reload_clear ; irq_scanline_value        ; ppu_addr[12] ; ppu_addr[12] ; 1.000        ; 0.000      ; 8.761      ;
; -8.082 ; irq_scanline_counter[0]   ; irq_scanline_value        ; ppu_addr[12] ; ppu_addr[12] ; 1.000        ; 0.000      ; 8.749      ;
; -7.739 ; irq_scanline_counter[7]   ; irq_scanline_value        ; ppu_addr[12] ; ppu_addr[12] ; 1.000        ; 0.000      ; 8.406      ;
; -7.622 ; irq_scanline_counter[1]   ; irq_scanline_counter[3]   ; ppu_addr[12] ; ppu_addr[12] ; 1.000        ; 0.000      ; 8.289      ;
; -7.568 ; irq_scanline_counter[5]   ; irq_scanline_counter[0]   ; ppu_addr[12] ; ppu_addr[12] ; 1.000        ; 0.000      ; 8.235      ;
; -7.561 ; irq_scanline_counter[5]   ; irq_scanline_counter[2]   ; ppu_addr[12] ; ppu_addr[12] ; 1.000        ; 0.000      ; 8.228      ;
; -7.530 ; irq_scanline_counter[2]   ; irq_scanline_counter[3]   ; ppu_addr[12] ; ppu_addr[12] ; 1.000        ; 0.000      ; 8.197      ;
; -7.491 ; irq_scanline_counter[5]   ; irq_scanline_counter[3]   ; ppu_addr[12] ; ppu_addr[12] ; 1.000        ; 0.000      ; 8.158      ;
; -7.377 ; irq_scanline_counter[0]   ; irq_scanline_counter[3]   ; ppu_addr[12] ; ppu_addr[12] ; 1.000        ; 0.000      ; 8.044      ;
; -7.369 ; irq_scanline_counter[6]   ; irq_scanline_counter[0]   ; ppu_addr[12] ; ppu_addr[12] ; 1.000        ; 0.000      ; 8.036      ;
; -7.362 ; irq_scanline_counter[6]   ; irq_scanline_counter[2]   ; ppu_addr[12] ; ppu_addr[12] ; 1.000        ; 0.000      ; 8.029      ;
; -7.326 ; irq_scanline_counter[5]   ; irq_scanline_counter[7]   ; ppu_addr[12] ; ppu_addr[12] ; 1.000        ; 0.000      ; 7.993      ;
; -7.292 ; irq_scanline_counter[6]   ; irq_scanline_counter[3]   ; ppu_addr[12] ; ppu_addr[12] ; 1.000        ; 0.000      ; 7.959      ;
; -7.148 ; irq_scanline_counter[1]   ; irq_scanline_counter[6]   ; ppu_addr[12] ; ppu_addr[12] ; 1.000        ; 0.000      ; 7.815      ;
; -7.127 ; irq_scanline_counter[6]   ; irq_scanline_counter[7]   ; ppu_addr[12] ; ppu_addr[12] ; 1.000        ; 0.000      ; 7.794      ;
; -7.062 ; irq_scanline_counter[3]   ; irq_scanline_counter[6]   ; ppu_addr[12] ; ppu_addr[12] ; 1.000        ; 0.000      ; 7.729      ;
; -7.056 ; irq_scanline_counter[2]   ; irq_scanline_counter[6]   ; ppu_addr[12] ; ppu_addr[12] ; 1.000        ; 0.000      ; 7.723      ;
; -7.021 ; irq_scanline_counter[0]   ; irq_scanline_counter[1]   ; ppu_addr[12] ; ppu_addr[12] ; 1.000        ; 0.000      ; 7.688      ;
; -7.021 ; irq_scanline_counter[4]   ; irq_scanline_counter[6]   ; ppu_addr[12] ; ppu_addr[12] ; 1.000        ; 0.000      ; 7.688      ;
; -7.006 ; irq_scanline_counter[1]   ; irq_scanline_counter[0]   ; ppu_addr[12] ; ppu_addr[12] ; 1.000        ; 0.000      ; 7.673      ;
; -6.999 ; irq_scanline_counter[1]   ; irq_scanline_counter[2]   ; ppu_addr[12] ; ppu_addr[12] ; 1.000        ; 0.000      ; 7.666      ;
; -6.903 ; irq_scanline_counter[0]   ; irq_scanline_counter[6]   ; ppu_addr[12] ; ppu_addr[12] ; 1.000        ; 0.000      ; 7.570      ;
; -6.862 ; irq_scanline_counter[4]   ; irq_scanline_counter[0]   ; ppu_addr[12] ; ppu_addr[12] ; 1.000        ; 0.000      ; 7.529      ;
; -6.855 ; irq_scanline_counter[4]   ; irq_scanline_counter[2]   ; ppu_addr[12] ; ppu_addr[12] ; 1.000        ; 0.000      ; 7.522      ;
; -6.837 ; irq_scanline_counter[3]   ; irq_scanline_counter[3]   ; ppu_addr[12] ; ppu_addr[12] ; 1.000        ; 0.000      ; 7.504      ;
; -6.820 ; irq_scanline_counter[2]   ; irq_scanline_counter[0]   ; ppu_addr[12] ; ppu_addr[12] ; 1.000        ; 0.000      ; 7.487      ;
; -6.813 ; irq_scanline_counter[2]   ; irq_scanline_counter[2]   ; ppu_addr[12] ; ppu_addr[12] ; 1.000        ; 0.000      ; 7.480      ;
; -6.785 ; irq_scanline_counter[4]   ; irq_scanline_counter[3]   ; ppu_addr[12] ; ppu_addr[12] ; 1.000        ; 0.000      ; 7.452      ;
; -6.764 ; irq_scanline_counter[1]   ; irq_scanline_counter[7]   ; ppu_addr[12] ; ppu_addr[12] ; 1.000        ; 0.000      ; 7.431      ;
; -6.686 ; irq_scanline_counter[5]   ; irq_scanline_counter[4]   ; ppu_addr[12] ; ppu_addr[12] ; 1.000        ; 0.000      ; 7.353      ;
; -6.685 ; irq_scanline_reload_clear ; irq_scanline_counter[0]   ; ppu_addr[12] ; ppu_addr[12] ; 1.000        ; 0.000      ; 7.352      ;
; -6.678 ; irq_scanline_reload_clear ; irq_scanline_counter[2]   ; ppu_addr[12] ; ppu_addr[12] ; 1.000        ; 0.000      ; 7.345      ;
; -6.673 ; irq_scanline_counter[0]   ; irq_scanline_counter[0]   ; ppu_addr[12] ; ppu_addr[12] ; 1.000        ; 0.000      ; 7.340      ;
; -6.666 ; irq_scanline_counter[0]   ; irq_scanline_counter[2]   ; ppu_addr[12] ; ppu_addr[12] ; 1.000        ; 0.000      ; 7.333      ;
; -6.648 ; irq_scanline_counter[5]   ; irq_scanline_counter[6]   ; ppu_addr[12] ; ppu_addr[12] ; 1.000        ; 0.000      ; 7.315      ;
; -6.623 ; irq_scanline_counter[1]   ; irq_scanline_counter[5]   ; ppu_addr[12] ; ppu_addr[12] ; 1.000        ; 0.000      ; 7.290      ;
; -6.620 ; irq_scanline_counter[4]   ; irq_scanline_counter[7]   ; ppu_addr[12] ; ppu_addr[12] ; 1.000        ; 0.000      ; 7.287      ;
; -6.608 ; irq_scanline_reload_clear ; irq_scanline_counter[3]   ; ppu_addr[12] ; ppu_addr[12] ; 1.000        ; 0.000      ; 7.275      ;
; -6.578 ; irq_scanline_counter[2]   ; irq_scanline_counter[7]   ; ppu_addr[12] ; ppu_addr[12] ; 1.000        ; 0.000      ; 7.245      ;
; -6.567 ; irq_scanline_counter[1]   ; irq_scanline_counter[1]   ; ppu_addr[12] ; ppu_addr[12] ; 1.000        ; 0.000      ; 7.234      ;
; -6.537 ; irq_scanline_counter[3]   ; irq_scanline_counter[5]   ; ppu_addr[12] ; ppu_addr[12] ; 1.000        ; 0.000      ; 7.204      ;
; -6.531 ; irq_scanline_counter[2]   ; irq_scanline_counter[5]   ; ppu_addr[12] ; ppu_addr[12] ; 1.000        ; 0.000      ; 7.198      ;
; -6.496 ; irq_scanline_counter[4]   ; irq_scanline_counter[5]   ; ppu_addr[12] ; ppu_addr[12] ; 1.000        ; 0.000      ; 7.163      ;
; -6.487 ; irq_scanline_counter[6]   ; irq_scanline_counter[4]   ; ppu_addr[12] ; ppu_addr[12] ; 1.000        ; 0.000      ; 7.154      ;
; -6.460 ; irq_scanline_counter[5]   ; irq_scanline_counter[5]   ; ppu_addr[12] ; ppu_addr[12] ; 1.000        ; 0.000      ; 7.127      ;
; -6.443 ; irq_scanline_reload_clear ; irq_scanline_counter[7]   ; ppu_addr[12] ; ppu_addr[12] ; 1.000        ; 0.000      ; 7.110      ;
; -6.431 ; irq_scanline_counter[0]   ; irq_scanline_counter[7]   ; ppu_addr[12] ; ppu_addr[12] ; 1.000        ; 0.000      ; 7.098      ;
; -6.422 ; irq_scanline_counter[1]   ; irq_scanline_counter[4]   ; ppu_addr[12] ; ppu_addr[12] ; 1.000        ; 0.000      ; 7.089      ;
; -6.378 ; irq_scanline_counter[0]   ; irq_scanline_counter[5]   ; ppu_addr[12] ; ppu_addr[12] ; 1.000        ; 0.000      ; 7.045      ;
; -6.336 ; irq_scanline_counter[3]   ; irq_scanline_counter[4]   ; ppu_addr[12] ; ppu_addr[12] ; 1.000        ; 0.000      ; 7.003      ;
; -6.330 ; irq_scanline_counter[7]   ; irq_scanline_counter[0]   ; ppu_addr[12] ; ppu_addr[12] ; 1.000        ; 0.000      ; 6.997      ;
; -6.330 ; irq_scanline_counter[2]   ; irq_scanline_counter[4]   ; ppu_addr[12] ; ppu_addr[12] ; 1.000        ; 0.000      ; 6.997      ;
; -6.323 ; irq_scanline_counter[7]   ; irq_scanline_counter[2]   ; ppu_addr[12] ; ppu_addr[12] ; 1.000        ; 0.000      ; 6.990      ;
; -6.261 ; irq_scanline_counter[6]   ; irq_scanline_counter[5]   ; ppu_addr[12] ; ppu_addr[12] ; 1.000        ; 0.000      ; 6.928      ;
; -6.253 ; irq_scanline_counter[7]   ; irq_scanline_counter[3]   ; ppu_addr[12] ; ppu_addr[12] ; 1.000        ; 0.000      ; 6.920      ;
; -6.200 ; irq_scanline_counter[3]   ; irq_scanline_counter[7]   ; ppu_addr[12] ; ppu_addr[12] ; 1.000        ; 0.000      ; 6.867      ;
; -6.177 ; irq_scanline_counter[0]   ; irq_scanline_counter[4]   ; ppu_addr[12] ; ppu_addr[12] ; 1.000        ; 0.000      ; 6.844      ;
; -6.170 ; irq_scanline_counter[5]   ; irq_scanline_counter[1]   ; ppu_addr[12] ; ppu_addr[12] ; 1.000        ; 0.000      ; 6.837      ;
; -6.088 ; irq_scanline_counter[7]   ; irq_scanline_counter[7]   ; ppu_addr[12] ; ppu_addr[12] ; 1.000        ; 0.000      ; 6.755      ;
; -6.001 ; irq_scanline_counter[6]   ; irq_scanline_counter[6]   ; ppu_addr[12] ; ppu_addr[12] ; 1.000        ; 0.000      ; 6.668      ;
; -5.980 ; irq_scanline_counter[4]   ; irq_scanline_counter[4]   ; ppu_addr[12] ; ppu_addr[12] ; 1.000        ; 0.000      ; 6.647      ;
; -5.971 ; irq_scanline_counter[6]   ; irq_scanline_counter[1]   ; ppu_addr[12] ; ppu_addr[12] ; 1.000        ; 0.000      ; 6.638      ;
; -5.803 ; irq_scanline_reload_clear ; irq_scanline_counter[4]   ; ppu_addr[12] ; ppu_addr[12] ; 1.000        ; 0.000      ; 6.470      ;
; -5.772 ; irq_scanline_counter[3]   ; irq_scanline_counter[0]   ; ppu_addr[12] ; ppu_addr[12] ; 1.000        ; 0.000      ; 6.439      ;
; -5.765 ; irq_scanline_counter[3]   ; irq_scanline_counter[2]   ; ppu_addr[12] ; ppu_addr[12] ; 1.000        ; 0.000      ; 6.432      ;
; -5.577 ; irq_scanline_reload_clear ; irq_scanline_counter[5]   ; ppu_addr[12] ; ppu_addr[12] ; 1.000        ; 0.000      ; 6.244      ;
; -5.464 ; irq_scanline_counter[4]   ; irq_scanline_counter[1]   ; ppu_addr[12] ; ppu_addr[12] ; 1.000        ; 0.000      ; 6.131      ;
; -5.448 ; irq_scanline_counter[7]   ; irq_scanline_counter[4]   ; ppu_addr[12] ; ppu_addr[12] ; 1.000        ; 0.000      ; 6.115      ;
; -5.422 ; irq_scanline_counter[2]   ; irq_scanline_counter[1]   ; ppu_addr[12] ; ppu_addr[12] ; 1.000        ; 0.000      ; 6.089      ;
; -5.287 ; irq_scanline_reload_clear ; irq_scanline_counter[1]   ; ppu_addr[12] ; ppu_addr[12] ; 1.000        ; 0.000      ; 5.954      ;
; -5.222 ; irq_scanline_counter[7]   ; irq_scanline_counter[5]   ; ppu_addr[12] ; ppu_addr[12] ; 1.000        ; 0.000      ; 5.889      ;
; -5.007 ; irq_scanline_reload_clear ; irq_scanline_counter[6]   ; ppu_addr[12] ; ppu_addr[12] ; 1.000        ; 0.000      ; 5.674      ;
; -4.932 ; irq_scanline_counter[7]   ; irq_scanline_counter[1]   ; ppu_addr[12] ; ppu_addr[12] ; 1.000        ; 0.000      ; 5.599      ;
; -4.652 ; irq_scanline_counter[7]   ; irq_scanline_counter[6]   ; ppu_addr[12] ; ppu_addr[12] ; 1.000        ; 0.000      ; 5.319      ;
; -4.445 ; irq_scanline_reload       ; irq_scanline_value        ; romsel       ; ppu_addr[12] ; 1.000        ; 3.240      ; 8.352      ;
; -4.374 ; irq_scanline_counter[3]   ; irq_scanline_counter[1]   ; ppu_addr[12] ; ppu_addr[12] ; 1.000        ; 0.000      ; 5.041      ;
; -3.036 ; irq_scanline_reload       ; irq_scanline_counter[0]   ; romsel       ; ppu_addr[12] ; 1.000        ; 3.240      ; 6.943      ;
; -3.029 ; irq_scanline_reload       ; irq_scanline_counter[2]   ; romsel       ; ppu_addr[12] ; 1.000        ; 3.240      ; 6.936      ;
; -2.959 ; irq_scanline_reload       ; irq_scanline_counter[3]   ; romsel       ; ppu_addr[12] ; 1.000        ; 3.240      ; 6.866      ;
; -2.794 ; irq_scanline_reload       ; irq_scanline_counter[7]   ; romsel       ; ppu_addr[12] ; 1.000        ; 3.240      ; 6.701      ;
; -2.778 ; irq_scanline_reload_clear ; irq_scanline_reload_clear ; ppu_addr[12] ; ppu_addr[12] ; 1.000        ; 0.000      ; 3.445      ;
; -2.154 ; irq_scanline_reload       ; irq_scanline_counter[4]   ; romsel       ; ppu_addr[12] ; 1.000        ; 3.240      ; 6.061      ;
; -1.928 ; irq_scanline_reload       ; irq_scanline_counter[5]   ; romsel       ; ppu_addr[12] ; 1.000        ; 3.240      ; 5.835      ;
; -1.638 ; irq_scanline_reload       ; irq_scanline_counter[1]   ; romsel       ; ppu_addr[12] ; 1.000        ; 3.240      ; 5.545      ;
; -1.358 ; irq_scanline_reload       ; irq_scanline_counter[6]   ; romsel       ; ppu_addr[12] ; 1.000        ; 3.240      ; 5.265      ;
; -0.690 ; r[9][7]                   ; irq_scanline_value        ; romsel       ; ppu_addr[12] ; 1.000        ; 3.240      ; 4.597      ;
; -0.689 ; r[9][2]                   ; irq_scanline_value        ; romsel       ; ppu_addr[12] ; 1.000        ; 3.240      ; 4.596      ;
; -0.318 ; a12_low_time[1]           ; irq_scanline_value        ; m2           ; ppu_addr[12] ; 1.000        ; 3.240      ; 4.225      ;
; -0.318 ; a12_low_time[1]           ; irq_scanline_counter[0]   ; m2           ; ppu_addr[12] ; 1.000        ; 3.240      ; 4.225      ;
; -0.131 ; r[9][5]                   ; irq_scanline_value        ; romsel       ; ppu_addr[12] ; 1.000        ; 3.240      ; 4.038      ;
; 0.058  ; a12_low_time[0]           ; irq_scanline_value        ; m2           ; ppu_addr[12] ; 1.000        ; 3.240      ; 3.849      ;
; 0.058  ; a12_low_time[0]           ; irq_scanline_counter[0]   ; m2           ; ppu_addr[12] ; 1.000        ; 3.240      ; 3.849      ;
; 0.083  ; r[9][4]                   ; irq_scanline_value        ; romsel       ; ppu_addr[12] ; 1.000        ; 3.240      ; 3.824      ;
; 0.096  ; a12_low_time[1]           ; irq_scanline_counter[6]   ; m2           ; ppu_addr[12] ; 1.000        ; 3.240      ; 3.811      ;
+--------+---------------------------+---------------------------+--------------+--------------+--------------+------------+------------+


+--------------------------------------------------------------------------------------------------------------------------------+
; Setup: 'romsel'                                                                                                                ;
+--------+---------------------------+---------------------+--------------+-------------+--------------+------------+------------+
; Slack  ; From Node                 ; To Node             ; Launch Clock ; Latch Clock ; Relationship ; Clock Skew ; Data Delay ;
+--------+---------------------------+---------------------+--------------+-------------+--------------+------------+------------+
; -4.843 ; r[8][2]                   ; r[2][0]             ; romsel       ; romsel      ; 1.000        ; 0.000      ; 5.510      ;
; -4.843 ; r[8][2]                   ; r[2][1]             ; romsel       ; romsel      ; 1.000        ; 0.000      ; 5.510      ;
; -4.843 ; r[8][2]                   ; r[2][2]             ; romsel       ; romsel      ; 1.000        ; 0.000      ; 5.510      ;
; -4.843 ; r[8][2]                   ; r[2][3]             ; romsel       ; romsel      ; 1.000        ; 0.000      ; 5.510      ;
; -4.843 ; r[8][2]                   ; r[2][4]             ; romsel       ; romsel      ; 1.000        ; 0.000      ; 5.510      ;
; -4.843 ; r[8][2]                   ; r[2][5]             ; romsel       ; romsel      ; 1.000        ; 0.000      ; 5.510      ;
; -4.843 ; r[8][2]                   ; r[2][6]             ; romsel       ; romsel      ; 1.000        ; 0.000      ; 5.510      ;
; -4.843 ; r[8][2]                   ; r[2][7]             ; romsel       ; romsel      ; 1.000        ; 0.000      ; 5.510      ;
; -4.840 ; r[8][2]                   ; r[5][3]             ; romsel       ; romsel      ; 1.000        ; 0.000      ; 5.507      ;
; -4.840 ; r[8][2]                   ; r[5][6]             ; romsel       ; romsel      ; 1.000        ; 0.000      ; 5.507      ;
; -4.769 ; r[8][1]                   ; r[1][1]             ; romsel       ; romsel      ; 1.000        ; 0.000      ; 5.436      ;
; -4.769 ; r[8][1]                   ; r[1][2]             ; romsel       ; romsel      ; 1.000        ; 0.000      ; 5.436      ;
; -4.769 ; r[8][1]                   ; r[1][3]             ; romsel       ; romsel      ; 1.000        ; 0.000      ; 5.436      ;
; -4.769 ; r[8][1]                   ; r[1][4]             ; romsel       ; romsel      ; 1.000        ; 0.000      ; 5.436      ;
; -4.769 ; r[8][1]                   ; r[1][6]             ; romsel       ; romsel      ; 1.000        ; 0.000      ; 5.436      ;
; -4.661 ; r[8][1]                   ; r[1][5]             ; romsel       ; romsel      ; 1.000        ; 0.000      ; 5.328      ;
; -4.661 ; r[8][1]                   ; r[1][7]             ; romsel       ; romsel      ; 1.000        ; 0.000      ; 5.328      ;
; -4.631 ; r[8][0]                   ; r[3][3]             ; romsel       ; romsel      ; 1.000        ; 0.000      ; 5.298      ;
; -4.631 ; r[8][0]                   ; r[3][4]             ; romsel       ; romsel      ; 1.000        ; 0.000      ; 5.298      ;
; -4.631 ; r[8][0]                   ; r[3][5]             ; romsel       ; romsel      ; 1.000        ; 0.000      ; 5.298      ;
; -4.617 ; r[8][1]                   ; r[4][0]             ; romsel       ; romsel      ; 1.000        ; 0.000      ; 5.284      ;
; -4.617 ; r[8][1]                   ; r[4][1]             ; romsel       ; romsel      ; 1.000        ; 0.000      ; 5.284      ;
; -4.617 ; r[8][1]                   ; r[4][2]             ; romsel       ; romsel      ; 1.000        ; 0.000      ; 5.284      ;
; -4.617 ; r[8][1]                   ; r[4][6]             ; romsel       ; romsel      ; 1.000        ; 0.000      ; 5.284      ;
; -4.604 ; r[8][0]                   ; r[3][1]             ; romsel       ; romsel      ; 1.000        ; 0.000      ; 5.271      ;
; -4.604 ; r[8][0]                   ; r[3][2]             ; romsel       ; romsel      ; 1.000        ; 0.000      ; 5.271      ;
; -4.604 ; r[8][0]                   ; r[3][6]             ; romsel       ; romsel      ; 1.000        ; 0.000      ; 5.271      ;
; -4.547 ; r[8][2]                   ; r[1][1]             ; romsel       ; romsel      ; 1.000        ; 0.000      ; 5.214      ;
; -4.547 ; r[8][2]                   ; r[1][2]             ; romsel       ; romsel      ; 1.000        ; 0.000      ; 5.214      ;
; -4.547 ; r[8][2]                   ; r[1][3]             ; romsel       ; romsel      ; 1.000        ; 0.000      ; 5.214      ;
; -4.547 ; r[8][2]                   ; r[1][4]             ; romsel       ; romsel      ; 1.000        ; 0.000      ; 5.214      ;
; -4.547 ; r[8][2]                   ; r[1][6]             ; romsel       ; romsel      ; 1.000        ; 0.000      ; 5.214      ;
; -4.504 ; r[8][2]                   ; r[7][0]             ; romsel       ; romsel      ; 1.000        ; 0.000      ; 5.171      ;
; -4.504 ; r[8][2]                   ; r[7][1]             ; romsel       ; romsel      ; 1.000        ; 0.000      ; 5.171      ;
; -4.504 ; r[8][2]                   ; r[7][2]             ; romsel       ; romsel      ; 1.000        ; 0.000      ; 5.171      ;
; -4.504 ; r[8][2]                   ; r[7][3]             ; romsel       ; romsel      ; 1.000        ; 0.000      ; 5.171      ;
; -4.504 ; r[8][2]                   ; r[7][4]             ; romsel       ; romsel      ; 1.000        ; 0.000      ; 5.171      ;
; -4.504 ; r[8][2]                   ; r[7][5]             ; romsel       ; romsel      ; 1.000        ; 0.000      ; 5.171      ;
; -4.439 ; r[8][2]                   ; r[1][5]             ; romsel       ; romsel      ; 1.000        ; 0.000      ; 5.106      ;
; -4.439 ; r[8][2]                   ; r[1][7]             ; romsel       ; romsel      ; 1.000        ; 0.000      ; 5.106      ;
; -4.438 ; irq_scanline_reload_clear ; irq_scanline_reload ; ppu_addr[12] ; romsel      ; 1.000        ; -3.240     ; 1.865      ;
; -4.417 ; r[8][2]                   ; r[5][0]             ; romsel       ; romsel      ; 1.000        ; 0.000      ; 5.084      ;
; -4.417 ; r[8][2]                   ; r[5][1]             ; romsel       ; romsel      ; 1.000        ; 0.000      ; 5.084      ;
; -4.417 ; r[8][2]                   ; r[5][2]             ; romsel       ; romsel      ; 1.000        ; 0.000      ; 5.084      ;
; -4.417 ; r[8][2]                   ; r[5][4]             ; romsel       ; romsel      ; 1.000        ; 0.000      ; 5.084      ;
; -4.417 ; r[8][2]                   ; r[5][5]             ; romsel       ; romsel      ; 1.000        ; 0.000      ; 5.084      ;
; -4.417 ; r[8][2]                   ; r[5][7]             ; romsel       ; romsel      ; 1.000        ; 0.000      ; 5.084      ;
; -4.410 ; r[8][2]                   ; r[6][4]             ; romsel       ; romsel      ; 1.000        ; 0.000      ; 5.077      ;
; -4.393 ; r[8][2]                   ; r[4][0]             ; romsel       ; romsel      ; 1.000        ; 0.000      ; 5.060      ;
; -4.393 ; r[8][2]                   ; r[4][1]             ; romsel       ; romsel      ; 1.000        ; 0.000      ; 5.060      ;
; -4.393 ; r[8][2]                   ; r[4][2]             ; romsel       ; romsel      ; 1.000        ; 0.000      ; 5.060      ;
; -4.393 ; r[8][2]                   ; r[4][6]             ; romsel       ; romsel      ; 1.000        ; 0.000      ; 5.060      ;
; -4.332 ; r[8][0]                   ; r[2][0]             ; romsel       ; romsel      ; 1.000        ; 0.000      ; 4.999      ;
; -4.332 ; r[8][0]                   ; r[2][1]             ; romsel       ; romsel      ; 1.000        ; 0.000      ; 4.999      ;
; -4.332 ; r[8][0]                   ; r[2][2]             ; romsel       ; romsel      ; 1.000        ; 0.000      ; 4.999      ;
; -4.332 ; r[8][0]                   ; r[2][3]             ; romsel       ; romsel      ; 1.000        ; 0.000      ; 4.999      ;
; -4.332 ; r[8][0]                   ; r[2][4]             ; romsel       ; romsel      ; 1.000        ; 0.000      ; 4.999      ;
; -4.332 ; r[8][0]                   ; r[2][5]             ; romsel       ; romsel      ; 1.000        ; 0.000      ; 4.999      ;
; -4.332 ; r[8][0]                   ; r[2][6]             ; romsel       ; romsel      ; 1.000        ; 0.000      ; 4.999      ;
; -4.332 ; r[8][0]                   ; r[2][7]             ; romsel       ; romsel      ; 1.000        ; 0.000      ; 4.999      ;
; -4.332 ; r[8][0]                   ; r[5][3]             ; romsel       ; romsel      ; 1.000        ; 0.000      ; 4.999      ;
; -4.332 ; r[8][0]                   ; r[5][6]             ; romsel       ; romsel      ; 1.000        ; 0.000      ; 4.999      ;
; -4.315 ; r[8][0]                   ; r[0][1]             ; romsel       ; romsel      ; 1.000        ; 0.000      ; 4.982      ;
; -4.315 ; r[8][0]                   ; r[0][2]             ; romsel       ; romsel      ; 1.000        ; 0.000      ; 4.982      ;
; -4.315 ; r[8][0]                   ; r[0][3]             ; romsel       ; romsel      ; 1.000        ; 0.000      ; 4.982      ;
; -4.315 ; r[8][0]                   ; r[0][4]             ; romsel       ; romsel      ; 1.000        ; 0.000      ; 4.982      ;
; -4.315 ; r[8][0]                   ; r[0][5]             ; romsel       ; romsel      ; 1.000        ; 0.000      ; 4.982      ;
; -4.315 ; r[8][0]                   ; r[0][6]             ; romsel       ; romsel      ; 1.000        ; 0.000      ; 4.982      ;
; -4.315 ; r[8][0]                   ; r[0][7]             ; romsel       ; romsel      ; 1.000        ; 0.000      ; 4.982      ;
; -4.062 ; r[8][0]                   ; r[1][1]             ; romsel       ; romsel      ; 1.000        ; 0.000      ; 4.729      ;
; -4.062 ; r[8][0]                   ; r[1][2]             ; romsel       ; romsel      ; 1.000        ; 0.000      ; 4.729      ;
; -4.062 ; r[8][0]                   ; r[1][3]             ; romsel       ; romsel      ; 1.000        ; 0.000      ; 4.729      ;
; -4.062 ; r[8][0]                   ; r[1][4]             ; romsel       ; romsel      ; 1.000        ; 0.000      ; 4.729      ;
; -4.062 ; r[8][0]                   ; r[1][6]             ; romsel       ; romsel      ; 1.000        ; 0.000      ; 4.729      ;
; -4.025 ; r[8][1]                   ; r[0][1]             ; romsel       ; romsel      ; 1.000        ; 0.000      ; 4.692      ;
; -4.025 ; r[8][1]                   ; r[0][2]             ; romsel       ; romsel      ; 1.000        ; 0.000      ; 4.692      ;
; -4.025 ; r[8][1]                   ; r[0][3]             ; romsel       ; romsel      ; 1.000        ; 0.000      ; 4.692      ;
; -4.025 ; r[8][1]                   ; r[0][4]             ; romsel       ; romsel      ; 1.000        ; 0.000      ; 4.692      ;
; -4.025 ; r[8][1]                   ; r[0][5]             ; romsel       ; romsel      ; 1.000        ; 0.000      ; 4.692      ;
; -4.025 ; r[8][1]                   ; r[0][6]             ; romsel       ; romsel      ; 1.000        ; 0.000      ; 4.692      ;
; -4.025 ; r[8][1]                   ; r[0][7]             ; romsel       ; romsel      ; 1.000        ; 0.000      ; 4.692      ;
; -4.018 ; r[8][0]                   ; r[7][0]             ; romsel       ; romsel      ; 1.000        ; 0.000      ; 4.685      ;
; -4.018 ; r[8][0]                   ; r[7][1]             ; romsel       ; romsel      ; 1.000        ; 0.000      ; 4.685      ;
; -4.018 ; r[8][0]                   ; r[7][2]             ; romsel       ; romsel      ; 1.000        ; 0.000      ; 4.685      ;
; -4.018 ; r[8][0]                   ; r[7][3]             ; romsel       ; romsel      ; 1.000        ; 0.000      ; 4.685      ;
; -4.018 ; r[8][0]                   ; r[7][4]             ; romsel       ; romsel      ; 1.000        ; 0.000      ; 4.685      ;
; -4.018 ; r[8][0]                   ; r[7][5]             ; romsel       ; romsel      ; 1.000        ; 0.000      ; 4.685      ;
; -3.987 ; r[8][1]                   ; r[2][0]             ; romsel       ; romsel      ; 1.000        ; 0.000      ; 4.654      ;
; -3.987 ; r[8][1]                   ; r[2][1]             ; romsel       ; romsel      ; 1.000        ; 0.000      ; 4.654      ;
; -3.987 ; r[8][1]                   ; r[2][2]             ; romsel       ; romsel      ; 1.000        ; 0.000      ; 4.654      ;
; -3.987 ; r[8][1]                   ; r[2][3]             ; romsel       ; romsel      ; 1.000        ; 0.000      ; 4.654      ;
; -3.987 ; r[8][1]                   ; r[2][4]             ; romsel       ; romsel      ; 1.000        ; 0.000      ; 4.654      ;
; -3.987 ; r[8][1]                   ; r[2][5]             ; romsel       ; romsel      ; 1.000        ; 0.000      ; 4.654      ;
; -3.987 ; r[8][1]                   ; r[2][6]             ; romsel       ; romsel      ; 1.000        ; 0.000      ; 4.654      ;
; -3.987 ; r[8][1]                   ; r[2][7]             ; romsel       ; romsel      ; 1.000        ; 0.000      ; 4.654      ;
; -3.984 ; r[8][1]                   ; r[5][3]             ; romsel       ; romsel      ; 1.000        ; 0.000      ; 4.651      ;
; -3.984 ; r[8][1]                   ; r[5][6]             ; romsel       ; romsel      ; 1.000        ; 0.000      ; 4.651      ;
; -3.974 ; r[8][0]                   ; r[3][0]             ; romsel       ; romsel      ; 1.000        ; 0.000      ; 4.641      ;
; -3.974 ; r[8][0]                   ; r[3][7]             ; romsel       ; romsel      ; 1.000        ; 0.000      ; 4.641      ;
; -3.954 ; r[8][0]                   ; r[1][5]             ; romsel       ; romsel      ; 1.000        ; 0.000      ; 4.621      ;
+--------+---------------------------+---------------------+--------------+-------------+--------------+------------+------------+


+------------------------------------------------------------------------------------------------------------------+
; Setup: 'm2'                                                                                                      ;
+--------+-----------------+-----------------+--------------+-------------+--------------+------------+------------+
; Slack  ; From Node       ; To Node         ; Launch Clock ; Latch Clock ; Relationship ; Clock Skew ; Data Delay ;
+--------+-----------------+-----------------+--------------+-------------+--------------+------------+------------+
; -1.519 ; a12_low_time[1] ; a12_low_time[0] ; m2           ; m2          ; 1.000        ; 0.000      ; 2.186      ;
; -1.503 ; a12_low_time[1] ; a12_low_time[1] ; m2           ; m2          ; 1.000        ; 0.000      ; 2.170      ;
; -1.248 ; a12_low_time[0] ; a12_low_time[1] ; m2           ; m2          ; 1.000        ; 0.000      ; 1.915      ;
; -1.241 ; a12_low_time[0] ; a12_low_time[0] ; m2           ; m2          ; 1.000        ; 0.000      ; 1.908      ;
+--------+-----------------+-----------------+--------------+-------------+--------------+------------+------------+


+---------------------------------------------------------------------------------------------------------------------------------------+
; Hold: 'ppu_addr[12]'                                                                                                                  ;
+--------+---------------------------+---------------------------+--------------+--------------+--------------+------------+------------+
; Slack  ; From Node                 ; To Node                   ; Launch Clock ; Latch Clock  ; Relationship ; Clock Skew ; Data Delay ;
+--------+---------------------------+---------------------------+--------------+--------------+--------------+------------+------------+
; -1.106 ; irq_scanline_reload       ; irq_scanline_reload_clear ; romsel       ; ppu_addr[12] ; 0.000        ; 3.240      ; 2.355      ;
; -1.034 ; r[9][6]                   ; irq_scanline_counter[6]   ; romsel       ; ppu_addr[12] ; 0.000        ; 3.240      ; 2.427      ;
; -1.008 ; r[9][5]                   ; irq_scanline_counter[5]   ; romsel       ; ppu_addr[12] ; 0.000        ; 3.240      ; 2.453      ;
; -0.774 ; r[9][4]                   ; irq_scanline_counter[4]   ; romsel       ; ppu_addr[12] ; 0.000        ; 3.240      ; 2.687      ;
; -0.761 ; r[9][1]                   ; irq_scanline_counter[1]   ; romsel       ; ppu_addr[12] ; 0.000        ; 3.240      ; 2.700      ;
; -0.515 ; r[9][7]                   ; irq_scanline_counter[7]   ; romsel       ; ppu_addr[12] ; 0.000        ; 3.240      ; 2.946      ;
; -0.324 ; r[9][0]                   ; irq_scanline_counter[0]   ; romsel       ; ppu_addr[12] ; 0.000        ; 3.240      ; 3.137      ;
; -0.299 ; r[9][1]                   ; irq_scanline_value        ; romsel       ; ppu_addr[12] ; 0.000        ; 3.240      ; 3.162      ;
; -0.279 ; r[9][2]                   ; irq_scanline_counter[2]   ; romsel       ; ppu_addr[12] ; 0.000        ; 3.240      ; 3.182      ;
; -0.085 ; r[9][3]                   ; irq_scanline_value        ; romsel       ; ppu_addr[12] ; 0.000        ; 3.240      ; 3.376      ;
; -0.026 ; a12_low_time[0]           ; irq_scanline_counter[6]   ; m2           ; ppu_addr[12] ; 0.000        ; 3.240      ; 3.435      ;
; -0.026 ; a12_low_time[0]           ; irq_scanline_counter[5]   ; m2           ; ppu_addr[12] ; 0.000        ; 3.240      ; 3.435      ;
; -0.026 ; a12_low_time[0]           ; irq_scanline_counter[4]   ; m2           ; ppu_addr[12] ; 0.000        ; 3.240      ; 3.435      ;
; -0.026 ; a12_low_time[0]           ; irq_scanline_counter[7]   ; m2           ; ppu_addr[12] ; 0.000        ; 3.240      ; 3.435      ;
; -0.026 ; a12_low_time[0]           ; irq_scanline_counter[2]   ; m2           ; ppu_addr[12] ; 0.000        ; 3.240      ; 3.435      ;
; -0.026 ; a12_low_time[0]           ; irq_scanline_counter[1]   ; m2           ; ppu_addr[12] ; 0.000        ; 3.240      ; 3.435      ;
; -0.026 ; a12_low_time[0]           ; irq_scanline_counter[3]   ; m2           ; ppu_addr[12] ; 0.000        ; 3.240      ; 3.435      ;
; -0.015 ; irq_scanline_enabled      ; irq_scanline_value        ; romsel       ; ppu_addr[12] ; 0.000        ; 3.240      ; 3.446      ;
; -0.006 ; r[9][6]                   ; irq_scanline_value        ; romsel       ; ppu_addr[12] ; 0.000        ; 3.240      ; 3.455      ;
; 0.024  ; r[9][3]                   ; irq_scanline_counter[3]   ; romsel       ; ppu_addr[12] ; 0.000        ; 3.240      ; 3.485      ;
; 0.130  ; a12_low_time[0]           ; irq_scanline_reload_clear ; m2           ; ppu_addr[12] ; 0.000        ; 3.240      ; 3.591      ;
; 0.164  ; a12_low_time[1]           ; irq_scanline_reload_clear ; m2           ; ppu_addr[12] ; 0.000        ; 3.240      ; 3.625      ;
; 0.240  ; r[9][0]                   ; irq_scanline_value        ; romsel       ; ppu_addr[12] ; 0.000        ; 3.240      ; 3.701      ;
; 0.350  ; a12_low_time[1]           ; irq_scanline_counter[6]   ; m2           ; ppu_addr[12] ; 0.000        ; 3.240      ; 3.811      ;
; 0.350  ; a12_low_time[1]           ; irq_scanline_counter[5]   ; m2           ; ppu_addr[12] ; 0.000        ; 3.240      ; 3.811      ;
; 0.350  ; a12_low_time[1]           ; irq_scanline_counter[4]   ; m2           ; ppu_addr[12] ; 0.000        ; 3.240      ; 3.811      ;
; 0.350  ; a12_low_time[1]           ; irq_scanline_counter[7]   ; m2           ; ppu_addr[12] ; 0.000        ; 3.240      ; 3.811      ;
; 0.350  ; a12_low_time[1]           ; irq_scanline_counter[2]   ; m2           ; ppu_addr[12] ; 0.000        ; 3.240      ; 3.811      ;
; 0.350  ; a12_low_time[1]           ; irq_scanline_counter[1]   ; m2           ; ppu_addr[12] ; 0.000        ; 3.240      ; 3.811      ;
; 0.350  ; a12_low_time[1]           ; irq_scanline_counter[3]   ; m2           ; ppu_addr[12] ; 0.000        ; 3.240      ; 3.811      ;
; 0.363  ; r[9][4]                   ; irq_scanline_value        ; romsel       ; ppu_addr[12] ; 0.000        ; 3.240      ; 3.824      ;
; 0.388  ; a12_low_time[0]           ; irq_scanline_value        ; m2           ; ppu_addr[12] ; 0.000        ; 3.240      ; 3.849      ;
; 0.388  ; a12_low_time[0]           ; irq_scanline_counter[0]   ; m2           ; ppu_addr[12] ; 0.000        ; 3.240      ; 3.849      ;
; 0.577  ; r[9][5]                   ; irq_scanline_value        ; romsel       ; ppu_addr[12] ; 0.000        ; 3.240      ; 4.038      ;
; 0.764  ; a12_low_time[1]           ; irq_scanline_value        ; m2           ; ppu_addr[12] ; 0.000        ; 3.240      ; 4.225      ;
; 0.764  ; a12_low_time[1]           ; irq_scanline_counter[0]   ; m2           ; ppu_addr[12] ; 0.000        ; 3.240      ; 4.225      ;
; 1.135  ; r[9][2]                   ; irq_scanline_value        ; romsel       ; ppu_addr[12] ; 0.000        ; 3.240      ; 4.596      ;
; 1.136  ; r[9][7]                   ; irq_scanline_value        ; romsel       ; ppu_addr[12] ; 0.000        ; 3.240      ; 4.597      ;
; 1.804  ; irq_scanline_reload       ; irq_scanline_counter[6]   ; romsel       ; ppu_addr[12] ; 0.000        ; 3.240      ; 5.265      ;
; 2.084  ; irq_scanline_reload       ; irq_scanline_counter[1]   ; romsel       ; ppu_addr[12] ; 0.000        ; 3.240      ; 5.545      ;
; 2.374  ; irq_scanline_reload       ; irq_scanline_counter[5]   ; romsel       ; ppu_addr[12] ; 0.000        ; 3.240      ; 5.835      ;
; 2.546  ; irq_scanline_reload       ; irq_scanline_value        ; romsel       ; ppu_addr[12] ; 0.000        ; 3.240      ; 6.007      ;
; 2.600  ; irq_scanline_reload       ; irq_scanline_counter[4]   ; romsel       ; ppu_addr[12] ; 0.000        ; 3.240      ; 6.061      ;
; 3.224  ; irq_scanline_reload_clear ; irq_scanline_reload_clear ; ppu_addr[12] ; ppu_addr[12] ; 0.000        ; 0.000      ; 3.445      ;
; 3.240  ; irq_scanline_reload       ; irq_scanline_counter[7]   ; romsel       ; ppu_addr[12] ; 0.000        ; 3.240      ; 6.701      ;
; 3.405  ; irq_scanline_reload       ; irq_scanline_counter[3]   ; romsel       ; ppu_addr[12] ; 0.000        ; 3.240      ; 6.866      ;
; 3.475  ; irq_scanline_reload       ; irq_scanline_counter[2]   ; romsel       ; ppu_addr[12] ; 0.000        ; 3.240      ; 6.936      ;
; 3.482  ; irq_scanline_reload       ; irq_scanline_counter[0]   ; romsel       ; ppu_addr[12] ; 0.000        ; 3.240      ; 6.943      ;
; 4.540  ; irq_scanline_counter[3]   ; irq_scanline_counter[6]   ; ppu_addr[12] ; ppu_addr[12] ; 0.000        ; 0.000      ; 4.761      ;
; 4.820  ; irq_scanline_counter[3]   ; irq_scanline_counter[1]   ; ppu_addr[12] ; ppu_addr[12] ; 0.000        ; 0.000      ; 5.041      ;
; 5.098  ; irq_scanline_counter[7]   ; irq_scanline_counter[6]   ; ppu_addr[12] ; ppu_addr[12] ; 0.000        ; 0.000      ; 5.319      ;
; 5.110  ; irq_scanline_counter[3]   ; irq_scanline_counter[5]   ; ppu_addr[12] ; ppu_addr[12] ; 0.000        ; 0.000      ; 5.331      ;
; 5.282  ; irq_scanline_counter[3]   ; irq_scanline_value        ; ppu_addr[12] ; ppu_addr[12] ; 0.000        ; 0.000      ; 5.503      ;
; 5.336  ; irq_scanline_counter[3]   ; irq_scanline_counter[4]   ; ppu_addr[12] ; ppu_addr[12] ; 0.000        ; 0.000      ; 5.557      ;
; 5.378  ; irq_scanline_counter[7]   ; irq_scanline_counter[1]   ; ppu_addr[12] ; ppu_addr[12] ; 0.000        ; 0.000      ; 5.599      ;
; 5.417  ; irq_scanline_counter[7]   ; irq_scanline_counter[7]   ; ppu_addr[12] ; ppu_addr[12] ; 0.000        ; 0.000      ; 5.638      ;
; 5.441  ; irq_scanline_counter[0]   ; irq_scanline_counter[6]   ; ppu_addr[12] ; ppu_addr[12] ; 0.000        ; 0.000      ; 5.662      ;
; 5.453  ; irq_scanline_reload_clear ; irq_scanline_counter[6]   ; ppu_addr[12] ; ppu_addr[12] ; 0.000        ; 0.000      ; 5.674      ;
; 5.588  ; irq_scanline_counter[2]   ; irq_scanline_counter[6]   ; ppu_addr[12] ; ppu_addr[12] ; 0.000        ; 0.000      ; 5.809      ;
; 5.630  ; irq_scanline_counter[4]   ; irq_scanline_counter[6]   ; ppu_addr[12] ; ppu_addr[12] ; 0.000        ; 0.000      ; 5.851      ;
; 5.668  ; irq_scanline_counter[7]   ; irq_scanline_counter[5]   ; ppu_addr[12] ; ppu_addr[12] ; 0.000        ; 0.000      ; 5.889      ;
; 5.721  ; irq_scanline_counter[0]   ; irq_scanline_counter[1]   ; ppu_addr[12] ; ppu_addr[12] ; 0.000        ; 0.000      ; 5.942      ;
; 5.733  ; irq_scanline_reload_clear ; irq_scanline_counter[1]   ; ppu_addr[12] ; ppu_addr[12] ; 0.000        ; 0.000      ; 5.954      ;
; 5.747  ; irq_scanline_counter[5]   ; irq_scanline_counter[5]   ; ppu_addr[12] ; ppu_addr[12] ; 0.000        ; 0.000      ; 5.968      ;
; 5.774  ; irq_scanline_counter[1]   ; irq_scanline_counter[6]   ; ppu_addr[12] ; ppu_addr[12] ; 0.000        ; 0.000      ; 5.995      ;
; 5.840  ; irq_scanline_counter[7]   ; irq_scanline_value        ; ppu_addr[12] ; ppu_addr[12] ; 0.000        ; 0.000      ; 6.061      ;
; 5.868  ; irq_scanline_counter[2]   ; irq_scanline_counter[1]   ; ppu_addr[12] ; ppu_addr[12] ; 0.000        ; 0.000      ; 6.089      ;
; 5.894  ; irq_scanline_counter[7]   ; irq_scanline_counter[4]   ; ppu_addr[12] ; ppu_addr[12] ; 0.000        ; 0.000      ; 6.115      ;
; 5.910  ; irq_scanline_counter[4]   ; irq_scanline_counter[1]   ; ppu_addr[12] ; ppu_addr[12] ; 0.000        ; 0.000      ; 6.131      ;
; 5.918  ; irq_scanline_counter[2]   ; irq_scanline_counter[2]   ; ppu_addr[12] ; ppu_addr[12] ; 0.000        ; 0.000      ; 6.139      ;
; 5.973  ; irq_scanline_counter[4]   ; irq_scanline_counter[4]   ; ppu_addr[12] ; ppu_addr[12] ; 0.000        ; 0.000      ; 6.194      ;
; 5.976  ; irq_scanline_counter[3]   ; irq_scanline_counter[7]   ; ppu_addr[12] ; ppu_addr[12] ; 0.000        ; 0.000      ; 6.197      ;
; 6.011  ; irq_scanline_counter[0]   ; irq_scanline_counter[5]   ; ppu_addr[12] ; ppu_addr[12] ; 0.000        ; 0.000      ; 6.232      ;
; 6.023  ; irq_scanline_reload_clear ; irq_scanline_counter[5]   ; ppu_addr[12] ; ppu_addr[12] ; 0.000        ; 0.000      ; 6.244      ;
; 6.054  ; irq_scanline_counter[1]   ; irq_scanline_counter[1]   ; ppu_addr[12] ; ppu_addr[12] ; 0.000        ; 0.000      ; 6.275      ;
; 6.137  ; irq_scanline_counter[6]   ; irq_scanline_counter[6]   ; ppu_addr[12] ; ppu_addr[12] ; 0.000        ; 0.000      ; 6.358      ;
; 6.141  ; irq_scanline_counter[3]   ; irq_scanline_counter[3]   ; ppu_addr[12] ; ppu_addr[12] ; 0.000        ; 0.000      ; 6.362      ;
; 6.158  ; irq_scanline_counter[2]   ; irq_scanline_counter[5]   ; ppu_addr[12] ; ppu_addr[12] ; 0.000        ; 0.000      ; 6.379      ;
; 6.183  ; irq_scanline_counter[0]   ; irq_scanline_value        ; ppu_addr[12] ; ppu_addr[12] ; 0.000        ; 0.000      ; 6.404      ;
; 6.195  ; irq_scanline_reload_clear ; irq_scanline_value        ; ppu_addr[12] ; ppu_addr[12] ; 0.000        ; 0.000      ; 6.416      ;
; 6.200  ; irq_scanline_counter[4]   ; irq_scanline_counter[5]   ; ppu_addr[12] ; ppu_addr[12] ; 0.000        ; 0.000      ; 6.421      ;
; 6.211  ; irq_scanline_counter[3]   ; irq_scanline_counter[2]   ; ppu_addr[12] ; ppu_addr[12] ; 0.000        ; 0.000      ; 6.432      ;
; 6.218  ; irq_scanline_counter[3]   ; irq_scanline_counter[0]   ; ppu_addr[12] ; ppu_addr[12] ; 0.000        ; 0.000      ; 6.439      ;
; 6.237  ; irq_scanline_counter[0]   ; irq_scanline_counter[4]   ; ppu_addr[12] ; ppu_addr[12] ; 0.000        ; 0.000      ; 6.458      ;
; 6.249  ; irq_scanline_reload_clear ; irq_scanline_counter[4]   ; ppu_addr[12] ; ppu_addr[12] ; 0.000        ; 0.000      ; 6.470      ;
; 6.328  ; irq_scanline_counter[5]   ; irq_scanline_counter[7]   ; ppu_addr[12] ; ppu_addr[12] ; 0.000        ; 0.000      ; 6.549      ;
; 6.330  ; irq_scanline_counter[2]   ; irq_scanline_value        ; ppu_addr[12] ; ppu_addr[12] ; 0.000        ; 0.000      ; 6.551      ;
; 6.336  ; irq_scanline_counter[5]   ; irq_scanline_counter[6]   ; ppu_addr[12] ; ppu_addr[12] ; 0.000        ; 0.000      ; 6.557      ;
; 6.344  ; irq_scanline_counter[1]   ; irq_scanline_counter[5]   ; ppu_addr[12] ; ppu_addr[12] ; 0.000        ; 0.000      ; 6.565      ;
; 6.372  ; irq_scanline_counter[4]   ; irq_scanline_value        ; ppu_addr[12] ; ppu_addr[12] ; 0.000        ; 0.000      ; 6.593      ;
; 6.384  ; irq_scanline_counter[2]   ; irq_scanline_counter[4]   ; ppu_addr[12] ; ppu_addr[12] ; 0.000        ; 0.000      ; 6.605      ;
; 6.417  ; irq_scanline_counter[6]   ; irq_scanline_counter[1]   ; ppu_addr[12] ; ppu_addr[12] ; 0.000        ; 0.000      ; 6.638      ;
; 6.436  ; irq_scanline_counter[0]   ; irq_scanline_counter[2]   ; ppu_addr[12] ; ppu_addr[12] ; 0.000        ; 0.000      ; 6.657      ;
; 6.437  ; irq_scanline_counter[0]   ; irq_scanline_counter[7]   ; ppu_addr[12] ; ppu_addr[12] ; 0.000        ; 0.000      ; 6.658      ;
; 6.448  ; irq_scanline_counter[6]   ; irq_scanline_counter[7]   ; ppu_addr[12] ; ppu_addr[12] ; 0.000        ; 0.000      ; 6.669      ;
; 6.516  ; irq_scanline_counter[1]   ; irq_scanline_value        ; ppu_addr[12] ; ppu_addr[12] ; 0.000        ; 0.000      ; 6.737      ;
; 6.533  ; irq_scanline_counter[0]   ; irq_scanline_counter[0]   ; ppu_addr[12] ; ppu_addr[12] ; 0.000        ; 0.000      ; 6.754      ;
; 6.570  ; irq_scanline_counter[1]   ; irq_scanline_counter[4]   ; ppu_addr[12] ; ppu_addr[12] ; 0.000        ; 0.000      ; 6.791      ;
; 6.605  ; irq_scanline_counter[4]   ; irq_scanline_counter[7]   ; ppu_addr[12] ; ppu_addr[12] ; 0.000        ; 0.000      ; 6.826      ;
; 6.615  ; irq_scanline_counter[2]   ; irq_scanline_counter[7]   ; ppu_addr[12] ; ppu_addr[12] ; 0.000        ; 0.000      ; 6.836      ;
+--------+---------------------------+---------------------------+--------------+--------------+--------------+------------+------------+


+---------------------------------------------------------------------------------------------------------------------------+
; Hold: 'romsel'                                                                                                            ;
+-------+----------------------+----------------------+--------------+-------------+--------------+------------+------------+
; Slack ; From Node            ; To Node              ; Launch Clock ; Latch Clock ; Relationship ; Clock Skew ; Data Delay ;
+-------+----------------------+----------------------+--------------+-------------+--------------+------------+------------+
; 1.649 ; irq_scanline_enabled ; irq_scanline_enabled ; romsel       ; romsel      ; 0.000        ; 0.000      ; 1.870      ;
; 1.650 ; r[8][5]              ; r[8][5]              ; romsel       ; romsel      ; 0.000        ; 0.000      ; 1.871      ;
; 1.918 ; irq_scanline_reload  ; irq_scanline_reload  ; romsel       ; romsel      ; 0.000        ; 0.000      ; 2.139      ;
; 3.096 ; r[8][0]              ; r[6][0]              ; romsel       ; romsel      ; 0.000        ; 0.000      ; 3.317      ;
; 3.096 ; r[8][0]              ; r[6][1]              ; romsel       ; romsel      ; 0.000        ; 0.000      ; 3.317      ;
; 3.096 ; r[8][0]              ; r[6][2]              ; romsel       ; romsel      ; 0.000        ; 0.000      ; 3.317      ;
; 3.096 ; r[8][0]              ; r[6][3]              ; romsel       ; romsel      ; 0.000        ; 0.000      ; 3.317      ;
; 3.096 ; r[8][0]              ; r[6][5]              ; romsel       ; romsel      ; 0.000        ; 0.000      ; 3.317      ;
; 3.106 ; r[8][2]              ; r[3][0]              ; romsel       ; romsel      ; 0.000        ; 0.000      ; 3.327      ;
; 3.106 ; r[8][2]              ; r[3][7]              ; romsel       ; romsel      ; 0.000        ; 0.000      ; 3.327      ;
; 3.686 ; r[8][0]              ; r[4][3]              ; romsel       ; romsel      ; 0.000        ; 0.000      ; 3.907      ;
; 3.686 ; r[8][0]              ; r[4][4]              ; romsel       ; romsel      ; 0.000        ; 0.000      ; 3.907      ;
; 3.686 ; r[8][0]              ; r[4][5]              ; romsel       ; romsel      ; 0.000        ; 0.000      ; 3.907      ;
; 3.686 ; r[8][0]              ; r[4][7]              ; romsel       ; romsel      ; 0.000        ; 0.000      ; 3.907      ;
; 3.695 ; r[8][1]              ; r[6][0]              ; romsel       ; romsel      ; 0.000        ; 0.000      ; 3.916      ;
; 3.695 ; r[8][1]              ; r[6][1]              ; romsel       ; romsel      ; 0.000        ; 0.000      ; 3.916      ;
; 3.695 ; r[8][1]              ; r[6][2]              ; romsel       ; romsel      ; 0.000        ; 0.000      ; 3.916      ;
; 3.695 ; r[8][1]              ; r[6][3]              ; romsel       ; romsel      ; 0.000        ; 0.000      ; 3.916      ;
; 3.695 ; r[8][1]              ; r[6][5]              ; romsel       ; romsel      ; 0.000        ; 0.000      ; 3.916      ;
; 3.706 ; r[8][1]              ; r[3][0]              ; romsel       ; romsel      ; 0.000        ; 0.000      ; 3.927      ;
; 3.706 ; r[8][1]              ; r[3][7]              ; romsel       ; romsel      ; 0.000        ; 0.000      ; 3.927      ;
; 3.736 ; r[8][2]              ; r[3][1]              ; romsel       ; romsel      ; 0.000        ; 0.000      ; 3.957      ;
; 3.736 ; r[8][2]              ; r[3][2]              ; romsel       ; romsel      ; 0.000        ; 0.000      ; 3.957      ;
; 3.736 ; r[8][2]              ; r[3][6]              ; romsel       ; romsel      ; 0.000        ; 0.000      ; 3.957      ;
; 3.757 ; r[8][0]              ; r[6][4]              ; romsel       ; romsel      ; 0.000        ; 0.000      ; 3.978      ;
; 3.763 ; r[8][2]              ; r[3][3]              ; romsel       ; romsel      ; 0.000        ; 0.000      ; 3.984      ;
; 3.763 ; r[8][2]              ; r[3][4]              ; romsel       ; romsel      ; 0.000        ; 0.000      ; 3.984      ;
; 3.763 ; r[8][2]              ; r[3][5]              ; romsel       ; romsel      ; 0.000        ; 0.000      ; 3.984      ;
; 3.842 ; r[8][1]              ; r[7][0]              ; romsel       ; romsel      ; 0.000        ; 0.000      ; 4.063      ;
; 3.842 ; r[8][1]              ; r[7][1]              ; romsel       ; romsel      ; 0.000        ; 0.000      ; 4.063      ;
; 3.842 ; r[8][1]              ; r[7][2]              ; romsel       ; romsel      ; 0.000        ; 0.000      ; 4.063      ;
; 3.842 ; r[8][1]              ; r[7][3]              ; romsel       ; romsel      ; 0.000        ; 0.000      ; 4.063      ;
; 3.842 ; r[8][1]              ; r[7][4]              ; romsel       ; romsel      ; 0.000        ; 0.000      ; 4.063      ;
; 3.842 ; r[8][1]              ; r[7][5]              ; romsel       ; romsel      ; 0.000        ; 0.000      ; 4.063      ;
; 4.007 ; r[8][1]              ; r[5][0]              ; romsel       ; romsel      ; 0.000        ; 0.000      ; 4.228      ;
; 4.007 ; r[8][1]              ; r[5][1]              ; romsel       ; romsel      ; 0.000        ; 0.000      ; 4.228      ;
; 4.007 ; r[8][1]              ; r[5][2]              ; romsel       ; romsel      ; 0.000        ; 0.000      ; 4.228      ;
; 4.007 ; r[8][1]              ; r[5][4]              ; romsel       ; romsel      ; 0.000        ; 0.000      ; 4.228      ;
; 4.007 ; r[8][1]              ; r[5][5]              ; romsel       ; romsel      ; 0.000        ; 0.000      ; 4.228      ;
; 4.007 ; r[8][1]              ; r[5][7]              ; romsel       ; romsel      ; 0.000        ; 0.000      ; 4.228      ;
; 4.101 ; r[8][2]              ; r[0][1]              ; romsel       ; romsel      ; 0.000        ; 0.000      ; 4.322      ;
; 4.101 ; r[8][2]              ; r[0][2]              ; romsel       ; romsel      ; 0.000        ; 0.000      ; 4.322      ;
; 4.101 ; r[8][2]              ; r[0][3]              ; romsel       ; romsel      ; 0.000        ; 0.000      ; 4.322      ;
; 4.101 ; r[8][2]              ; r[0][4]              ; romsel       ; romsel      ; 0.000        ; 0.000      ; 4.322      ;
; 4.101 ; r[8][2]              ; r[0][5]              ; romsel       ; romsel      ; 0.000        ; 0.000      ; 4.322      ;
; 4.101 ; r[8][2]              ; r[0][6]              ; romsel       ; romsel      ; 0.000        ; 0.000      ; 4.322      ;
; 4.101 ; r[8][2]              ; r[0][7]              ; romsel       ; romsel      ; 0.000        ; 0.000      ; 4.322      ;
; 4.171 ; r[8][2]              ; r[4][3]              ; romsel       ; romsel      ; 0.000        ; 0.000      ; 4.392      ;
; 4.171 ; r[8][2]              ; r[4][4]              ; romsel       ; romsel      ; 0.000        ; 0.000      ; 4.392      ;
; 4.171 ; r[8][2]              ; r[4][5]              ; romsel       ; romsel      ; 0.000        ; 0.000      ; 4.392      ;
; 4.171 ; r[8][2]              ; r[4][7]              ; romsel       ; romsel      ; 0.000        ; 0.000      ; 4.392      ;
; 4.195 ; r[8][2]              ; r[6][0]              ; romsel       ; romsel      ; 0.000        ; 0.000      ; 4.416      ;
; 4.195 ; r[8][2]              ; r[6][1]              ; romsel       ; romsel      ; 0.000        ; 0.000      ; 4.416      ;
; 4.195 ; r[8][2]              ; r[6][2]              ; romsel       ; romsel      ; 0.000        ; 0.000      ; 4.416      ;
; 4.195 ; r[8][2]              ; r[6][3]              ; romsel       ; romsel      ; 0.000        ; 0.000      ; 4.416      ;
; 4.195 ; r[8][2]              ; r[6][5]              ; romsel       ; romsel      ; 0.000        ; 0.000      ; 4.416      ;
; 4.336 ; r[8][1]              ; r[3][1]              ; romsel       ; romsel      ; 0.000        ; 0.000      ; 4.557      ;
; 4.336 ; r[8][1]              ; r[3][2]              ; romsel       ; romsel      ; 0.000        ; 0.000      ; 4.557      ;
; 4.336 ; r[8][1]              ; r[3][6]              ; romsel       ; romsel      ; 0.000        ; 0.000      ; 4.557      ;
; 4.354 ; r[8][0]              ; r[4][0]              ; romsel       ; romsel      ; 0.000        ; 0.000      ; 4.575      ;
; 4.354 ; r[8][0]              ; r[4][1]              ; romsel       ; romsel      ; 0.000        ; 0.000      ; 4.575      ;
; 4.354 ; r[8][0]              ; r[4][2]              ; romsel       ; romsel      ; 0.000        ; 0.000      ; 4.575      ;
; 4.354 ; r[8][0]              ; r[4][6]              ; romsel       ; romsel      ; 0.000        ; 0.000      ; 4.575      ;
; 4.355 ; r[8][0]              ; r[5][0]              ; romsel       ; romsel      ; 0.000        ; 0.000      ; 4.576      ;
; 4.355 ; r[8][0]              ; r[5][1]              ; romsel       ; romsel      ; 0.000        ; 0.000      ; 4.576      ;
; 4.355 ; r[8][0]              ; r[5][2]              ; romsel       ; romsel      ; 0.000        ; 0.000      ; 4.576      ;
; 4.355 ; r[8][0]              ; r[5][4]              ; romsel       ; romsel      ; 0.000        ; 0.000      ; 4.576      ;
; 4.355 ; r[8][0]              ; r[5][5]              ; romsel       ; romsel      ; 0.000        ; 0.000      ; 4.576      ;
; 4.355 ; r[8][0]              ; r[5][7]              ; romsel       ; romsel      ; 0.000        ; 0.000      ; 4.576      ;
; 4.356 ; r[8][1]              ; r[6][4]              ; romsel       ; romsel      ; 0.000        ; 0.000      ; 4.577      ;
; 4.363 ; r[8][1]              ; r[3][3]              ; romsel       ; romsel      ; 0.000        ; 0.000      ; 4.584      ;
; 4.363 ; r[8][1]              ; r[3][4]              ; romsel       ; romsel      ; 0.000        ; 0.000      ; 4.584      ;
; 4.363 ; r[8][1]              ; r[3][5]              ; romsel       ; romsel      ; 0.000        ; 0.000      ; 4.584      ;
; 4.395 ; r[8][1]              ; r[4][3]              ; romsel       ; romsel      ; 0.000        ; 0.000      ; 4.616      ;
; 4.395 ; r[8][1]              ; r[4][4]              ; romsel       ; romsel      ; 0.000        ; 0.000      ; 4.616      ;
; 4.395 ; r[8][1]              ; r[4][5]              ; romsel       ; romsel      ; 0.000        ; 0.000      ; 4.616      ;
; 4.395 ; r[8][1]              ; r[4][7]              ; romsel       ; romsel      ; 0.000        ; 0.000      ; 4.616      ;
; 4.400 ; r[8][0]              ; r[1][5]              ; romsel       ; romsel      ; 0.000        ; 0.000      ; 4.621      ;
; 4.400 ; r[8][0]              ; r[1][7]              ; romsel       ; romsel      ; 0.000        ; 0.000      ; 4.621      ;
; 4.420 ; r[8][0]              ; r[3][0]              ; romsel       ; romsel      ; 0.000        ; 0.000      ; 4.641      ;
; 4.420 ; r[8][0]              ; r[3][7]              ; romsel       ; romsel      ; 0.000        ; 0.000      ; 4.641      ;
; 4.430 ; r[8][1]              ; r[5][3]              ; romsel       ; romsel      ; 0.000        ; 0.000      ; 4.651      ;
; 4.430 ; r[8][1]              ; r[5][6]              ; romsel       ; romsel      ; 0.000        ; 0.000      ; 4.651      ;
; 4.433 ; r[8][1]              ; r[2][0]              ; romsel       ; romsel      ; 0.000        ; 0.000      ; 4.654      ;
; 4.433 ; r[8][1]              ; r[2][1]              ; romsel       ; romsel      ; 0.000        ; 0.000      ; 4.654      ;
; 4.433 ; r[8][1]              ; r[2][2]              ; romsel       ; romsel      ; 0.000        ; 0.000      ; 4.654      ;
; 4.433 ; r[8][1]              ; r[2][3]              ; romsel       ; romsel      ; 0.000        ; 0.000      ; 4.654      ;
; 4.433 ; r[8][1]              ; r[2][4]              ; romsel       ; romsel      ; 0.000        ; 0.000      ; 4.654      ;
; 4.433 ; r[8][1]              ; r[2][5]              ; romsel       ; romsel      ; 0.000        ; 0.000      ; 4.654      ;
; 4.433 ; r[8][1]              ; r[2][6]              ; romsel       ; romsel      ; 0.000        ; 0.000      ; 4.654      ;
; 4.433 ; r[8][1]              ; r[2][7]              ; romsel       ; romsel      ; 0.000        ; 0.000      ; 4.654      ;
; 4.464 ; r[8][0]              ; r[7][0]              ; romsel       ; romsel      ; 0.000        ; 0.000      ; 4.685      ;
; 4.464 ; r[8][0]              ; r[7][1]              ; romsel       ; romsel      ; 0.000        ; 0.000      ; 4.685      ;
; 4.464 ; r[8][0]              ; r[7][2]              ; romsel       ; romsel      ; 0.000        ; 0.000      ; 4.685      ;
; 4.464 ; r[8][0]              ; r[7][3]              ; romsel       ; romsel      ; 0.000        ; 0.000      ; 4.685      ;
; 4.464 ; r[8][0]              ; r[7][4]              ; romsel       ; romsel      ; 0.000        ; 0.000      ; 4.685      ;
; 4.464 ; r[8][0]              ; r[7][5]              ; romsel       ; romsel      ; 0.000        ; 0.000      ; 4.685      ;
; 4.471 ; r[8][1]              ; r[0][1]              ; romsel       ; romsel      ; 0.000        ; 0.000      ; 4.692      ;
; 4.471 ; r[8][1]              ; r[0][2]              ; romsel       ; romsel      ; 0.000        ; 0.000      ; 4.692      ;
; 4.471 ; r[8][1]              ; r[0][3]              ; romsel       ; romsel      ; 0.000        ; 0.000      ; 4.692      ;
+-------+----------------------+----------------------+--------------+-------------+--------------+------------+------------+


+-----------------------------------------------------------------------------------------------------------------+
; Hold: 'm2'                                                                                                      ;
+-------+-----------------+-----------------+--------------+-------------+--------------+------------+------------+
; Slack ; From Node       ; To Node         ; Launch Clock ; Latch Clock ; Relationship ; Clock Skew ; Data Delay ;
+-------+-----------------+-----------------+--------------+-------------+--------------+------------+------------+
; 1.687 ; a12_low_time[0] ; a12_low_time[0] ; m2           ; m2          ; 0.000        ; 0.000      ; 1.908      ;
; 1.694 ; a12_low_time[0] ; a12_low_time[1] ; m2           ; m2          ; 0.000        ; 0.000      ; 1.915      ;
; 1.949 ; a12_low_time[1] ; a12_low_time[1] ; m2           ; m2          ; 0.000        ; 0.000      ; 2.170      ;
; 1.965 ; a12_low_time[1] ; a12_low_time[0] ; m2           ; m2          ; 0.000        ; 0.000      ; 2.186      ;
+-------+-----------------+-----------------+--------------+-------------+--------------+------------+------------+


+---------------------------------------------------------------------------------------------------------------+
; Recovery: 'm2'                                                                                                ;
+--------+--------------+-----------------+--------------+-------------+--------------+------------+------------+
; Slack  ; From Node    ; To Node         ; Launch Clock ; Latch Clock ; Relationship ; Clock Skew ; Data Delay ;
+--------+--------------+-----------------+--------------+-------------+--------------+------------+------------+
; -4.104 ; ppu_addr[12] ; a12_low_time[1] ; ppu_addr[12] ; m2          ; 0.500        ; 3.458      ; 7.729      ;
; -4.104 ; ppu_addr[12] ; a12_low_time[0] ; ppu_addr[12] ; m2          ; 0.500        ; 3.458      ; 7.729      ;
; -3.604 ; ppu_addr[12] ; a12_low_time[1] ; ppu_addr[12] ; m2          ; 1.000        ; 3.458      ; 7.729      ;
; -3.604 ; ppu_addr[12] ; a12_low_time[0] ; ppu_addr[12] ; m2          ; 1.000        ; 3.458      ; 7.729      ;
+--------+--------------+-----------------+--------------+-------------+--------------+------------+------------+


+--------------------------------------------------------------------------------------------------------------+
; Removal: 'm2'                                                                                                ;
+-------+--------------+-----------------+--------------+-------------+--------------+------------+------------+
; Slack ; From Node    ; To Node         ; Launch Clock ; Latch Clock ; Relationship ; Clock Skew ; Data Delay ;
+-------+--------------+-----------------+--------------+-------------+--------------+------------+------------+
; 4.050 ; ppu_addr[12] ; a12_low_time[1] ; ppu_addr[12] ; m2          ; 0.000        ; 3.458      ; 7.729      ;
; 4.050 ; ppu_addr[12] ; a12_low_time[0] ; ppu_addr[12] ; m2          ; 0.000        ; 3.458      ; 7.729      ;
; 4.550 ; ppu_addr[12] ; a12_low_time[1] ; ppu_addr[12] ; m2          ; -0.500       ; 3.458      ; 7.729      ;
; 4.550 ; ppu_addr[12] ; a12_low_time[0] ; ppu_addr[12] ; m2          ; -0.500       ; 3.458      ; 7.729      ;
+-------+--------------+-----------------+--------------+-------------+--------------+------------+------------+


+------------------------------------------------------------------------------------------------------+
; Minimum Pulse Width: 'm2'                                                                            ;
+--------+--------------+----------------+------------------+-------+------------+---------------------+
; Slack  ; Actual Width ; Required Width ; Type             ; Clock ; Clock Edge ; Target              ;
+--------+--------------+----------------+------------------+-------+------------+---------------------+
; -2.289 ; 1.000        ; 3.289          ; Port Rate        ; m2    ; Rise       ; m2                  ;
; 0.234  ; 0.500        ; 0.266          ; High Pulse Width ; m2    ; Rise       ; a12_low_time[0]     ;
; 0.234  ; 0.500        ; 0.266          ; Low Pulse Width  ; m2    ; Rise       ; a12_low_time[0]     ;
; 0.234  ; 0.500        ; 0.266          ; High Pulse Width ; m2    ; Rise       ; a12_low_time[1]     ;
; 0.234  ; 0.500        ; 0.266          ; Low Pulse Width  ; m2    ; Rise       ; a12_low_time[1]     ;
; 0.500  ; 0.500        ; 0.000          ; High Pulse Width ; m2    ; Rise       ; a12_low_time[0]|clk ;
; 0.500  ; 0.500        ; 0.000          ; Low Pulse Width  ; m2    ; Rise       ; a12_low_time[0]|clk ;
; 0.500  ; 0.500        ; 0.000          ; High Pulse Width ; m2    ; Rise       ; a12_low_time[1]|clk ;
; 0.500  ; 0.500        ; 0.000          ; Low Pulse Width  ; m2    ; Rise       ; a12_low_time[1]|clk ;
; 0.500  ; 0.500        ; 0.000          ; High Pulse Width ; m2    ; Rise       ; m2|combout          ;
; 0.500  ; 0.500        ; 0.000          ; Low Pulse Width  ; m2    ; Rise       ; m2|combout          ;
+--------+--------------+----------------+------------------+-------+------------+---------------------+


+-----------------------------------------------------------------------------------------------------------------------+
; Minimum Pulse Width: 'ppu_addr[12]'                                                                                   ;
+--------+--------------+----------------+------------------+--------------+------------+-------------------------------+
; Slack  ; Actual Width ; Required Width ; Type             ; Clock        ; Clock Edge ; Target                        ;
+--------+--------------+----------------+------------------+--------------+------------+-------------------------------+
; -2.289 ; 1.000        ; 3.289          ; Port Rate        ; ppu_addr[12] ; Rise       ; ppu_addr[12]                  ;
; 0.234  ; 0.500        ; 0.266          ; High Pulse Width ; ppu_addr[12] ; Rise       ; irq_scanline_counter[0]       ;
; 0.234  ; 0.500        ; 0.266          ; Low Pulse Width  ; ppu_addr[12] ; Rise       ; irq_scanline_counter[0]       ;
; 0.234  ; 0.500        ; 0.266          ; High Pulse Width ; ppu_addr[12] ; Rise       ; irq_scanline_counter[1]       ;
; 0.234  ; 0.500        ; 0.266          ; Low Pulse Width  ; ppu_addr[12] ; Rise       ; irq_scanline_counter[1]       ;
; 0.234  ; 0.500        ; 0.266          ; High Pulse Width ; ppu_addr[12] ; Rise       ; irq_scanline_counter[2]       ;
; 0.234  ; 0.500        ; 0.266          ; Low Pulse Width  ; ppu_addr[12] ; Rise       ; irq_scanline_counter[2]       ;
; 0.234  ; 0.500        ; 0.266          ; High Pulse Width ; ppu_addr[12] ; Rise       ; irq_scanline_counter[3]       ;
; 0.234  ; 0.500        ; 0.266          ; Low Pulse Width  ; ppu_addr[12] ; Rise       ; irq_scanline_counter[3]       ;
; 0.234  ; 0.500        ; 0.266          ; High Pulse Width ; ppu_addr[12] ; Rise       ; irq_scanline_counter[4]       ;
; 0.234  ; 0.500        ; 0.266          ; Low Pulse Width  ; ppu_addr[12] ; Rise       ; irq_scanline_counter[4]       ;
; 0.234  ; 0.500        ; 0.266          ; High Pulse Width ; ppu_addr[12] ; Rise       ; irq_scanline_counter[5]       ;
; 0.234  ; 0.500        ; 0.266          ; Low Pulse Width  ; ppu_addr[12] ; Rise       ; irq_scanline_counter[5]       ;
; 0.234  ; 0.500        ; 0.266          ; High Pulse Width ; ppu_addr[12] ; Rise       ; irq_scanline_counter[6]       ;
; 0.234  ; 0.500        ; 0.266          ; Low Pulse Width  ; ppu_addr[12] ; Rise       ; irq_scanline_counter[6]       ;
; 0.234  ; 0.500        ; 0.266          ; High Pulse Width ; ppu_addr[12] ; Rise       ; irq_scanline_counter[7]       ;
; 0.234  ; 0.500        ; 0.266          ; Low Pulse Width  ; ppu_addr[12] ; Rise       ; irq_scanline_counter[7]       ;
; 0.234  ; 0.500        ; 0.266          ; High Pulse Width ; ppu_addr[12] ; Rise       ; irq_scanline_reload_clear     ;
; 0.234  ; 0.500        ; 0.266          ; Low Pulse Width  ; ppu_addr[12] ; Rise       ; irq_scanline_reload_clear     ;
; 0.234  ; 0.500        ; 0.266          ; High Pulse Width ; ppu_addr[12] ; Rise       ; irq_scanline_value            ;
; 0.234  ; 0.500        ; 0.266          ; Low Pulse Width  ; ppu_addr[12] ; Rise       ; irq_scanline_value            ;
; 0.500  ; 0.500        ; 0.000          ; High Pulse Width ; ppu_addr[12] ; Rise       ; irq_scanline_counter[0]|clk   ;
; 0.500  ; 0.500        ; 0.000          ; Low Pulse Width  ; ppu_addr[12] ; Rise       ; irq_scanline_counter[0]|clk   ;
; 0.500  ; 0.500        ; 0.000          ; High Pulse Width ; ppu_addr[12] ; Rise       ; irq_scanline_counter[1]|clk   ;
; 0.500  ; 0.500        ; 0.000          ; Low Pulse Width  ; ppu_addr[12] ; Rise       ; irq_scanline_counter[1]|clk   ;
; 0.500  ; 0.500        ; 0.000          ; High Pulse Width ; ppu_addr[12] ; Rise       ; irq_scanline_counter[2]|clk   ;
; 0.500  ; 0.500        ; 0.000          ; Low Pulse Width  ; ppu_addr[12] ; Rise       ; irq_scanline_counter[2]|clk   ;
; 0.500  ; 0.500        ; 0.000          ; High Pulse Width ; ppu_addr[12] ; Rise       ; irq_scanline_counter[3]|clk   ;
; 0.500  ; 0.500        ; 0.000          ; Low Pulse Width  ; ppu_addr[12] ; Rise       ; irq_scanline_counter[3]|clk   ;
; 0.500  ; 0.500        ; 0.000          ; High Pulse Width ; ppu_addr[12] ; Rise       ; irq_scanline_counter[4]|clk   ;
; 0.500  ; 0.500        ; 0.000          ; Low Pulse Width  ; ppu_addr[12] ; Rise       ; irq_scanline_counter[4]|clk   ;
; 0.500  ; 0.500        ; 0.000          ; High Pulse Width ; ppu_addr[12] ; Rise       ; irq_scanline_counter[5]|clk   ;
; 0.500  ; 0.500        ; 0.000          ; Low Pulse Width  ; ppu_addr[12] ; Rise       ; irq_scanline_counter[5]|clk   ;
; 0.500  ; 0.500        ; 0.000          ; High Pulse Width ; ppu_addr[12] ; Rise       ; irq_scanline_counter[6]|clk   ;
; 0.500  ; 0.500        ; 0.000          ; Low Pulse Width  ; ppu_addr[12] ; Rise       ; irq_scanline_counter[6]|clk   ;
; 0.500  ; 0.500        ; 0.000          ; High Pulse Width ; ppu_addr[12] ; Rise       ; irq_scanline_counter[7]|clk   ;
; 0.500  ; 0.500        ; 0.000          ; Low Pulse Width  ; ppu_addr[12] ; Rise       ; irq_scanline_counter[7]|clk   ;
; 0.500  ; 0.500        ; 0.000          ; High Pulse Width ; ppu_addr[12] ; Rise       ; irq_scanline_reload_clear|clk ;
; 0.500  ; 0.500        ; 0.000          ; Low Pulse Width  ; ppu_addr[12] ; Rise       ; irq_scanline_reload_clear|clk ;
; 0.500  ; 0.500        ; 0.000          ; High Pulse Width ; ppu_addr[12] ; Rise       ; irq_scanline_value|clk        ;
; 0.500  ; 0.500        ; 0.000          ; Low Pulse Width  ; ppu_addr[12] ; Rise       ; irq_scanline_value|clk        ;
; 0.500  ; 0.500        ; 0.000          ; High Pulse Width ; ppu_addr[12] ; Rise       ; ppu_addr[12]|combout          ;
; 0.500  ; 0.500        ; 0.000          ; Low Pulse Width  ; ppu_addr[12] ; Rise       ; ppu_addr[12]|combout          ;
+--------+--------------+----------------+------------------+--------------+------------+-------------------------------+


+--------------------------------------------------------------------------------------------------------+
; Minimum Pulse Width: 'romsel'                                                                          ;
+--------+--------------+----------------+------------------+--------+------------+----------------------+
; Slack  ; Actual Width ; Required Width ; Type             ; Clock  ; Clock Edge ; Target               ;
+--------+--------------+----------------+------------------+--------+------------+----------------------+
; -2.289 ; 1.000        ; 3.289          ; Port Rate        ; romsel ; Rise       ; romsel               ;
; 0.234  ; 0.500        ; 0.266          ; High Pulse Width ; romsel ; Rise       ; irq_scanline_enabled ;
; 0.234  ; 0.500        ; 0.266          ; Low Pulse Width  ; romsel ; Rise       ; irq_scanline_enabled ;
; 0.234  ; 0.500        ; 0.266          ; High Pulse Width ; romsel ; Rise       ; irq_scanline_reload  ;
; 0.234  ; 0.500        ; 0.266          ; Low Pulse Width  ; romsel ; Rise       ; irq_scanline_reload  ;
; 0.234  ; 0.500        ; 0.266          ; High Pulse Width ; romsel ; Rise       ; r[0][1]              ;
; 0.234  ; 0.500        ; 0.266          ; Low Pulse Width  ; romsel ; Rise       ; r[0][1]              ;
; 0.234  ; 0.500        ; 0.266          ; High Pulse Width ; romsel ; Rise       ; r[0][2]              ;
; 0.234  ; 0.500        ; 0.266          ; Low Pulse Width  ; romsel ; Rise       ; r[0][2]              ;
; 0.234  ; 0.500        ; 0.266          ; High Pulse Width ; romsel ; Rise       ; r[0][3]              ;
; 0.234  ; 0.500        ; 0.266          ; Low Pulse Width  ; romsel ; Rise       ; r[0][3]              ;
; 0.234  ; 0.500        ; 0.266          ; High Pulse Width ; romsel ; Rise       ; r[0][4]              ;
; 0.234  ; 0.500        ; 0.266          ; Low Pulse Width  ; romsel ; Rise       ; r[0][4]              ;
; 0.234  ; 0.500        ; 0.266          ; High Pulse Width ; romsel ; Rise       ; r[0][5]              ;
; 0.234  ; 0.500        ; 0.266          ; Low Pulse Width  ; romsel ; Rise       ; r[0][5]              ;
; 0.234  ; 0.500        ; 0.266          ; High Pulse Width ; romsel ; Rise       ; r[0][6]              ;
; 0.234  ; 0.500        ; 0.266          ; Low Pulse Width  ; romsel ; Rise       ; r[0][6]              ;
; 0.234  ; 0.500        ; 0.266          ; High Pulse Width ; romsel ; Rise       ; r[0][7]              ;
; 0.234  ; 0.500        ; 0.266          ; Low Pulse Width  ; romsel ; Rise       ; r[0][7]              ;
; 0.234  ; 0.500        ; 0.266          ; High Pulse Width ; romsel ; Rise       ; r[1][1]              ;
; 0.234  ; 0.500        ; 0.266          ; Low Pulse Width  ; romsel ; Rise       ; r[1][1]              ;
; 0.234  ; 0.500        ; 0.266          ; High Pulse Width ; romsel ; Rise       ; r[1][2]              ;
; 0.234  ; 0.500        ; 0.266          ; Low Pulse Width  ; romsel ; Rise       ; r[1][2]              ;
; 0.234  ; 0.500        ; 0.266          ; High Pulse Width ; romsel ; Rise       ; r[1][3]              ;
; 0.234  ; 0.500        ; 0.266          ; Low Pulse Width  ; romsel ; Rise       ; r[1][3]              ;
; 0.234  ; 0.500        ; 0.266          ; High Pulse Width ; romsel ; Rise       ; r[1][4]              ;
; 0.234  ; 0.500        ; 0.266          ; Low Pulse Width  ; romsel ; Rise       ; r[1][4]              ;
; 0.234  ; 0.500        ; 0.266          ; High Pulse Width ; romsel ; Rise       ; r[1][5]              ;
; 0.234  ; 0.500        ; 0.266          ; Low Pulse Width  ; romsel ; Rise       ; r[1][5]              ;
; 0.234  ; 0.500        ; 0.266          ; High Pulse Width ; romsel ; Rise       ; r[1][6]              ;
; 0.234  ; 0.500        ; 0.266          ; Low Pulse Width  ; romsel ; Rise       ; r[1][6]              ;
; 0.234  ; 0.500        ; 0.266          ; High Pulse Width ; romsel ; Rise       ; r[1][7]              ;
; 0.234  ; 0.500        ; 0.266          ; Low Pulse Width  ; romsel ; Rise       ; r[1][7]              ;
; 0.234  ; 0.500        ; 0.266          ; High Pulse Width ; romsel ; Rise       ; r[2][0]              ;
; 0.234  ; 0.500        ; 0.266          ; Low Pulse Width  ; romsel ; Rise       ; r[2][0]              ;
; 0.234  ; 0.500        ; 0.266          ; High Pulse Width ; romsel ; Rise       ; r[2][1]              ;
; 0.234  ; 0.500        ; 0.266          ; Low Pulse Width  ; romsel ; Rise       ; r[2][1]              ;
; 0.234  ; 0.500        ; 0.266          ; High Pulse Width ; romsel ; Rise       ; r[2][2]              ;
; 0.234  ; 0.500        ; 0.266          ; Low Pulse Width  ; romsel ; Rise       ; r[2][2]              ;
; 0.234  ; 0.500        ; 0.266          ; High Pulse Width ; romsel ; Rise       ; r[2][3]              ;
; 0.234  ; 0.500        ; 0.266          ; Low Pulse Width  ; romsel ; Rise       ; r[2][3]              ;
; 0.234  ; 0.500        ; 0.266          ; High Pulse Width ; romsel ; Rise       ; r[2][4]              ;
; 0.234  ; 0.500        ; 0.266          ; Low Pulse Width  ; romsel ; Rise       ; r[2][4]              ;
; 0.234  ; 0.500        ; 0.266          ; High Pulse Width ; romsel ; Rise       ; r[2][5]              ;
; 0.234  ; 0.500        ; 0.266          ; Low Pulse Width  ; romsel ; Rise       ; r[2][5]              ;
; 0.234  ; 0.500        ; 0.266          ; High Pulse Width ; romsel ; Rise       ; r[2][6]              ;
; 0.234  ; 0.500        ; 0.266          ; Low Pulse Width  ; romsel ; Rise       ; r[2][6]              ;
; 0.234  ; 0.500        ; 0.266          ; High Pulse Width ; romsel ; Rise       ; r[2][7]              ;
; 0.234  ; 0.500        ; 0.266          ; Low Pulse Width  ; romsel ; Rise       ; r[2][7]              ;
; 0.234  ; 0.500        ; 0.266          ; High Pulse Width ; romsel ; Rise       ; r[3][0]              ;
; 0.234  ; 0.500        ; 0.266          ; Low Pulse Width  ; romsel ; Rise       ; r[3][0]              ;
; 0.234  ; 0.500        ; 0.266          ; High Pulse Width ; romsel ; Rise       ; r[3][1]              ;
; 0.234  ; 0.500        ; 0.266          ; Low Pulse Width  ; romsel ; Rise       ; r[3][1]              ;
; 0.234  ; 0.500        ; 0.266          ; High Pulse Width ; romsel ; Rise       ; r[3][2]              ;
; 0.234  ; 0.500        ; 0.266          ; Low Pulse Width  ; romsel ; Rise       ; r[3][2]              ;
; 0.234  ; 0.500        ; 0.266          ; High Pulse Width ; romsel ; Rise       ; r[3][3]              ;
; 0.234  ; 0.500        ; 0.266          ; Low Pulse Width  ; romsel ; Rise       ; r[3][3]              ;
; 0.234  ; 0.500        ; 0.266          ; High Pulse Width ; romsel ; Rise       ; r[3][4]              ;
; 0.234  ; 0.500        ; 0.266          ; Low Pulse Width  ; romsel ; Rise       ; r[3][4]              ;
; 0.234  ; 0.500        ; 0.266          ; High Pulse Width ; romsel ; Rise       ; r[3][5]              ;
; 0.234  ; 0.500        ; 0.266          ; Low Pulse Width  ; romsel ; Rise       ; r[3][5]              ;
; 0.234  ; 0.500        ; 0.266          ; High Pulse Width ; romsel ; Rise       ; r[3][6]              ;
; 0.234  ; 0.500        ; 0.266          ; Low Pulse Width  ; romsel ; Rise       ; r[3][6]              ;
; 0.234  ; 0.500        ; 0.266          ; High Pulse Width ; romsel ; Rise       ; r[3][7]              ;
; 0.234  ; 0.500        ; 0.266          ; Low Pulse Width  ; romsel ; Rise       ; r[3][7]              ;
; 0.234  ; 0.500        ; 0.266          ; High Pulse Width ; romsel ; Rise       ; r[4][0]              ;
; 0.234  ; 0.500        ; 0.266          ; Low Pulse Width  ; romsel ; Rise       ; r[4][0]              ;
; 0.234  ; 0.500        ; 0.266          ; High Pulse Width ; romsel ; Rise       ; r[4][1]              ;
; 0.234  ; 0.500        ; 0.266          ; Low Pulse Width  ; romsel ; Rise       ; r[4][1]              ;
; 0.234  ; 0.500        ; 0.266          ; High Pulse Width ; romsel ; Rise       ; r[4][2]              ;
; 0.234  ; 0.500        ; 0.266          ; Low Pulse Width  ; romsel ; Rise       ; r[4][2]              ;
; 0.234  ; 0.500        ; 0.266          ; High Pulse Width ; romsel ; Rise       ; r[4][3]              ;
; 0.234  ; 0.500        ; 0.266          ; Low Pulse Width  ; romsel ; Rise       ; r[4][3]              ;
; 0.234  ; 0.500        ; 0.266          ; High Pulse Width ; romsel ; Rise       ; r[4][4]              ;
; 0.234  ; 0.500        ; 0.266          ; Low Pulse Width  ; romsel ; Rise       ; r[4][4]              ;
; 0.234  ; 0.500        ; 0.266          ; High Pulse Width ; romsel ; Rise       ; r[4][5]              ;
; 0.234  ; 0.500        ; 0.266          ; Low Pulse Width  ; romsel ; Rise       ; r[4][5]              ;
; 0.234  ; 0.500        ; 0.266          ; High Pulse Width ; romsel ; Rise       ; r[4][6]              ;
; 0.234  ; 0.500        ; 0.266          ; Low Pulse Width  ; romsel ; Rise       ; r[4][6]              ;
; 0.234  ; 0.500        ; 0.266          ; High Pulse Width ; romsel ; Rise       ; r[4][7]              ;
; 0.234  ; 0.500        ; 0.266          ; Low Pulse Width  ; romsel ; Rise       ; r[4][7]              ;
; 0.234  ; 0.500        ; 0.266          ; High Pulse Width ; romsel ; Rise       ; r[5][0]              ;
; 0.234  ; 0.500        ; 0.266          ; Low Pulse Width  ; romsel ; Rise       ; r[5][0]              ;
; 0.234  ; 0.500        ; 0.266          ; High Pulse Width ; romsel ; Rise       ; r[5][1]              ;
; 0.234  ; 0.500        ; 0.266          ; Low Pulse Width  ; romsel ; Rise       ; r[5][1]              ;
; 0.234  ; 0.500        ; 0.266          ; High Pulse Width ; romsel ; Rise       ; r[5][2]              ;
; 0.234  ; 0.500        ; 0.266          ; Low Pulse Width  ; romsel ; Rise       ; r[5][2]              ;
; 0.234  ; 0.500        ; 0.266          ; High Pulse Width ; romsel ; Rise       ; r[5][3]              ;
; 0.234  ; 0.500        ; 0.266          ; Low Pulse Width  ; romsel ; Rise       ; r[5][3]              ;
; 0.234  ; 0.500        ; 0.266          ; High Pulse Width ; romsel ; Rise       ; r[5][4]              ;
; 0.234  ; 0.500        ; 0.266          ; Low Pulse Width  ; romsel ; Rise       ; r[5][4]              ;
; 0.234  ; 0.500        ; 0.266          ; High Pulse Width ; romsel ; Rise       ; r[5][5]              ;
; 0.234  ; 0.500        ; 0.266          ; Low Pulse Width  ; romsel ; Rise       ; r[5][5]              ;
; 0.234  ; 0.500        ; 0.266          ; High Pulse Width ; romsel ; Rise       ; r[5][6]              ;
; 0.234  ; 0.500        ; 0.266          ; Low Pulse Width  ; romsel ; Rise       ; r[5][6]              ;
; 0.234  ; 0.500        ; 0.266          ; High Pulse Width ; romsel ; Rise       ; r[5][7]              ;
; 0.234  ; 0.500        ; 0.266          ; Low Pulse Width  ; romsel ; Rise       ; r[5][7]              ;
; 0.234  ; 0.500        ; 0.266          ; High Pulse Width ; romsel ; Rise       ; r[6][0]              ;
; 0.234  ; 0.500        ; 0.266          ; Low Pulse Width  ; romsel ; Rise       ; r[6][0]              ;
; 0.234  ; 0.500        ; 0.266          ; High Pulse Width ; romsel ; Rise       ; r[6][1]              ;
+--------+--------------+----------------+------------------+--------+------------+----------------------+


+---------------------------------------------------------------------------+
; Setup Times                                                               ;
+---------------+------------+-------+-------+------------+-----------------+
; Data Port     ; Clock Port ; Rise  ; Fall  ; Clock Edge ; Clock Reference ;
+---------------+------------+-------+-------+------------+-----------------+
; cpu_addr[*]   ; romsel     ; 9.595 ; 9.595 ; Rise       ; romsel          ;
;  cpu_addr[0]  ; romsel     ; 9.595 ; 9.595 ; Rise       ; romsel          ;
;  cpu_addr[13] ; romsel     ; 9.557 ; 9.557 ; Rise       ; romsel          ;
;  cpu_addr[14] ; romsel     ; 9.541 ; 9.541 ; Rise       ; romsel          ;
; cpu_data[*]   ; romsel     ; 4.742 ; 4.742 ; Rise       ; romsel          ;
;  cpu_data[0]  ; romsel     ; 4.742 ; 4.742 ; Rise       ; romsel          ;
;  cpu_data[1]  ; romsel     ; 4.299 ; 4.299 ; Rise       ; romsel          ;
;  cpu_data[2]  ; romsel     ; 3.849 ; 3.849 ; Rise       ; romsel          ;
;  cpu_data[3]  ; romsel     ; 3.971 ; 3.971 ; Rise       ; romsel          ;
;  cpu_data[4]  ; romsel     ; 4.558 ; 4.558 ; Rise       ; romsel          ;
;  cpu_data[5]  ; romsel     ; 4.110 ; 4.110 ; Rise       ; romsel          ;
;  cpu_data[6]  ; romsel     ; 3.380 ; 3.380 ; Rise       ; romsel          ;
;  cpu_data[7]  ; romsel     ; 4.073 ; 4.073 ; Rise       ; romsel          ;
; cpu_rw        ; romsel     ; 9.561 ; 9.561 ; Rise       ; romsel          ;
+---------------+------------+-------+-------+------------+-----------------+


+-----------------------------------------------------------------------------+
; Hold Times                                                                  ;
+---------------+------------+--------+--------+------------+-----------------+
; Data Port     ; Clock Port ; Rise   ; Fall   ; Clock Edge ; Clock Reference ;
+---------------+------------+--------+--------+------------+-----------------+
; cpu_addr[*]   ; romsel     ; -3.456 ; -3.456 ; Rise       ; romsel          ;
;  cpu_addr[0]  ; romsel     ; -3.456 ; -3.456 ; Rise       ; romsel          ;
;  cpu_addr[13] ; romsel     ; -4.021 ; -4.021 ; Rise       ; romsel          ;
;  cpu_addr[14] ; romsel     ; -4.218 ; -4.218 ; Rise       ; romsel          ;
; cpu_data[*]   ; romsel     ; -1.917 ; -1.917 ; Rise       ; romsel          ;
;  cpu_data[0]  ; romsel     ; -2.124 ; -2.124 ; Rise       ; romsel          ;
;  cpu_data[1]  ; romsel     ; -2.203 ; -2.203 ; Rise       ; romsel          ;
;  cpu_data[2]  ; romsel     ; -2.096 ; -2.096 ; Rise       ; romsel          ;
;  cpu_data[3]  ; romsel     ; -2.164 ; -2.164 ; Rise       ; romsel          ;
;  cpu_data[4]  ; romsel     ; -2.133 ; -2.133 ; Rise       ; romsel          ;
;  cpu_data[5]  ; romsel     ; -2.218 ; -2.218 ; Rise       ; romsel          ;
;  cpu_data[6]  ; romsel     ; -2.174 ; -2.174 ; Rise       ; romsel          ;
;  cpu_data[7]  ; romsel     ; -1.917 ; -1.917 ; Rise       ; romsel          ;
; cpu_rw        ; romsel     ; -4.084 ; -4.084 ; Rise       ; romsel          ;
+---------------+------------+--------+--------+------------+-----------------+


+-------------------------------------------------------------------------------+
; Clock to Output Times                                                         ;
+---------------+--------------+--------+--------+------------+-----------------+
; Data Port     ; Clock Port   ; Rise   ; Fall   ; Clock Edge ; Clock Reference ;
+---------------+--------------+--------+--------+------------+-----------------+
; chr_addr[*]   ; ppu_addr[12] ; 12.059 ; 12.059 ; Rise       ; ppu_addr[12]    ;
;  chr_addr[10] ; ppu_addr[12] ; 9.824  ; 9.824  ; Rise       ; ppu_addr[12]    ;
;  chr_addr[11] ; ppu_addr[12] ; 8.870  ; 8.870  ; Rise       ; ppu_addr[12]    ;
;  chr_addr[12] ; ppu_addr[12] ; 8.856  ; 8.856  ; Rise       ; ppu_addr[12]    ;
;  chr_addr[13] ; ppu_addr[12] ; 11.958 ; 11.958 ; Rise       ; ppu_addr[12]    ;
;  chr_addr[14] ; ppu_addr[12] ; 11.819 ; 11.819 ; Rise       ; ppu_addr[12]    ;
;  chr_addr[15] ; ppu_addr[12] ; 12.059 ; 12.059 ; Rise       ; ppu_addr[12]    ;
;  chr_addr[16] ; ppu_addr[12] ; 8.304  ; 8.304  ; Rise       ; ppu_addr[12]    ;
;  chr_addr[17] ; ppu_addr[12] ; 11.892 ; 11.892 ; Rise       ; ppu_addr[12]    ;
; chr_addr[*]   ; ppu_addr[12] ; 12.059 ; 12.059 ; Fall       ; ppu_addr[12]    ;
;  chr_addr[10] ; ppu_addr[12] ; 9.824  ; 9.824  ; Fall       ; ppu_addr[12]    ;
;  chr_addr[11] ; ppu_addr[12] ; 8.870  ; 8.870  ; Fall       ; ppu_addr[12]    ;
;  chr_addr[12] ; ppu_addr[12] ; 8.856  ; 8.856  ; Fall       ; ppu_addr[12]    ;
;  chr_addr[13] ; ppu_addr[12] ; 11.958 ; 11.958 ; Fall       ; ppu_addr[12]    ;
;  chr_addr[14] ; ppu_addr[12] ; 11.819 ; 11.819 ; Fall       ; ppu_addr[12]    ;
;  chr_addr[15] ; ppu_addr[12] ; 12.059 ; 12.059 ; Fall       ; ppu_addr[12]    ;
;  chr_addr[16] ; ppu_addr[12] ; 8.304  ; 8.304  ; Fall       ; ppu_addr[12]    ;
;  chr_addr[17] ; ppu_addr[12] ; 11.892 ; 11.892 ; Fall       ; ppu_addr[12]    ;
; chr_addr[*]   ; romsel       ; 16.302 ; 16.302 ; Rise       ; romsel          ;
;  chr_addr[10] ; romsel       ; 16.302 ; 16.302 ; Rise       ; romsel          ;
;  chr_addr[11] ; romsel       ; 14.688 ; 14.688 ; Rise       ; romsel          ;
;  chr_addr[12] ; romsel       ; 14.713 ; 14.713 ; Rise       ; romsel          ;
;  chr_addr[13] ; romsel       ; 14.223 ; 14.223 ; Rise       ; romsel          ;
;  chr_addr[14] ; romsel       ; 14.109 ; 14.109 ; Rise       ; romsel          ;
;  chr_addr[15] ; romsel       ; 13.393 ; 13.393 ; Rise       ; romsel          ;
;  chr_addr[16] ; romsel       ; 13.596 ; 13.596 ; Rise       ; romsel          ;
;  chr_addr[17] ; romsel       ; 16.173 ; 16.173 ; Rise       ; romsel          ;
; ciram_a10     ; romsel       ; 10.692 ; 10.692 ; Rise       ; romsel          ;
; prg_addr[*]   ; romsel       ; 13.940 ; 13.940 ; Rise       ; romsel          ;
;  prg_addr[13] ; romsel       ; 13.940 ; 13.940 ; Rise       ; romsel          ;
;  prg_addr[14] ; romsel       ; 11.139 ; 11.139 ; Rise       ; romsel          ;
;  prg_addr[15] ; romsel       ; 11.469 ; 11.469 ; Rise       ; romsel          ;
;  prg_addr[16] ; romsel       ; 12.210 ; 12.210 ; Rise       ; romsel          ;
;  prg_addr[17] ; romsel       ; 11.772 ; 11.772 ; Rise       ; romsel          ;
;  prg_addr[18] ; romsel       ; 12.971 ; 12.971 ; Rise       ; romsel          ;
; prg_ce        ; romsel       ; 5.664  ; 5.664  ; Rise       ; romsel          ;
; prg_oe        ; romsel       ; 6.855  ; 6.855  ; Rise       ; romsel          ;
; prg_we        ; romsel       ; 6.861  ; 6.861  ; Rise       ; romsel          ;
; prg_ce        ; romsel       ; 5.664  ; 5.664  ; Fall       ; romsel          ;
; prg_oe        ; romsel       ; 6.855  ; 6.855  ; Fall       ; romsel          ;
; prg_we        ; romsel       ; 6.861  ; 6.861  ; Fall       ; romsel          ;
+---------------+--------------+--------+--------+------------+-----------------+


+-------------------------------------------------------------------------------+
; Minimum Clock to Output Times                                                 ;
+---------------+--------------+--------+--------+------------+-----------------+
; Data Port     ; Clock Port   ; Rise   ; Fall   ; Clock Edge ; Clock Reference ;
+---------------+--------------+--------+--------+------------+-----------------+
; chr_addr[*]   ; ppu_addr[12] ; 8.304  ; 8.304  ; Rise       ; ppu_addr[12]    ;
;  chr_addr[10] ; ppu_addr[12] ; 9.824  ; 9.824  ; Rise       ; ppu_addr[12]    ;
;  chr_addr[11] ; ppu_addr[12] ; 8.870  ; 8.870  ; Rise       ; ppu_addr[12]    ;
;  chr_addr[12] ; ppu_addr[12] ; 8.856  ; 8.856  ; Rise       ; ppu_addr[12]    ;
;  chr_addr[13] ; ppu_addr[12] ; 11.958 ; 11.958 ; Rise       ; ppu_addr[12]    ;
;  chr_addr[14] ; ppu_addr[12] ; 11.819 ; 11.819 ; Rise       ; ppu_addr[12]    ;
;  chr_addr[15] ; ppu_addr[12] ; 12.059 ; 12.059 ; Rise       ; ppu_addr[12]    ;
;  chr_addr[16] ; ppu_addr[12] ; 8.304  ; 8.304  ; Rise       ; ppu_addr[12]    ;
;  chr_addr[17] ; ppu_addr[12] ; 11.892 ; 11.892 ; Rise       ; ppu_addr[12]    ;
; chr_addr[*]   ; ppu_addr[12] ; 8.304  ; 8.304  ; Fall       ; ppu_addr[12]    ;
;  chr_addr[10] ; ppu_addr[12] ; 9.824  ; 9.824  ; Fall       ; ppu_addr[12]    ;
;  chr_addr[11] ; ppu_addr[12] ; 8.870  ; 8.870  ; Fall       ; ppu_addr[12]    ;
;  chr_addr[12] ; ppu_addr[12] ; 8.856  ; 8.856  ; Fall       ; ppu_addr[12]    ;
;  chr_addr[13] ; ppu_addr[12] ; 11.958 ; 11.958 ; Fall       ; ppu_addr[12]    ;
;  chr_addr[14] ; ppu_addr[12] ; 11.819 ; 11.819 ; Fall       ; ppu_addr[12]    ;
;  chr_addr[15] ; ppu_addr[12] ; 12.059 ; 12.059 ; Fall       ; ppu_addr[12]    ;
;  chr_addr[16] ; ppu_addr[12] ; 8.304  ; 8.304  ; Fall       ; ppu_addr[12]    ;
;  chr_addr[17] ; ppu_addr[12] ; 11.892 ; 11.892 ; Fall       ; ppu_addr[12]    ;
; chr_addr[*]   ; romsel       ; 9.474  ; 9.474  ; Rise       ; romsel          ;
;  chr_addr[10] ; romsel       ; 9.474  ; 9.474  ; Rise       ; romsel          ;
;  chr_addr[11] ; romsel       ; 10.497 ; 10.497 ; Rise       ; romsel          ;
;  chr_addr[12] ; romsel       ; 10.648 ; 10.648 ; Rise       ; romsel          ;
;  chr_addr[13] ; romsel       ; 10.567 ; 10.567 ; Rise       ; romsel          ;
;  chr_addr[14] ; romsel       ; 10.917 ; 10.917 ; Rise       ; romsel          ;
;  chr_addr[15] ; romsel       ; 10.134 ; 10.134 ; Rise       ; romsel          ;
;  chr_addr[16] ; romsel       ; 9.925  ; 9.925  ; Rise       ; romsel          ;
;  chr_addr[17] ; romsel       ; 10.141 ; 10.141 ; Rise       ; romsel          ;
; ciram_a10     ; romsel       ; 10.692 ; 10.692 ; Rise       ; romsel          ;
; prg_addr[*]   ; romsel       ; 8.716  ; 8.716  ; Rise       ; romsel          ;
;  prg_addr[13] ; romsel       ; 8.757  ; 8.757  ; Rise       ; romsel          ;
;  prg_addr[14] ; romsel       ; 8.891  ; 8.891  ; Rise       ; romsel          ;
;  prg_addr[15] ; romsel       ; 8.750  ; 8.750  ; Rise       ; romsel          ;
;  prg_addr[16] ; romsel       ; 8.751  ; 8.751  ; Rise       ; romsel          ;
;  prg_addr[17] ; romsel       ; 8.864  ; 8.864  ; Rise       ; romsel          ;
;  prg_addr[18] ; romsel       ; 8.716  ; 8.716  ; Rise       ; romsel          ;
; prg_ce        ; romsel       ; 5.664  ; 5.664  ; Rise       ; romsel          ;
; prg_oe        ; romsel       ; 6.855  ; 6.855  ; Rise       ; romsel          ;
; prg_we        ; romsel       ; 6.861  ; 6.861  ; Rise       ; romsel          ;
; prg_ce        ; romsel       ; 5.664  ; 5.664  ; Fall       ; romsel          ;
; prg_oe        ; romsel       ; 6.855  ; 6.855  ; Fall       ; romsel          ;
; prg_we        ; romsel       ; 6.861  ; 6.861  ; Fall       ; romsel          ;
+---------------+--------------+--------+--------+------------+-----------------+


+---------------------------------------------------------+
; Propagation Delay                                       ;
+--------------+--------------+--------+----+----+--------+
; Input Port   ; Output Port  ; RR     ; RF ; FR ; FF     ;
+--------------+--------------+--------+----+----+--------+
; cpu_addr[13] ; prg_addr[13] ; 13.391 ;    ;    ; 13.391 ;
; cpu_addr[13] ; prg_addr[14] ; 11.973 ;    ;    ; 11.973 ;
; cpu_addr[13] ; prg_addr[15] ; 11.834 ;    ;    ; 11.834 ;
; cpu_addr[13] ; prg_addr[16] ; 11.831 ;    ;    ; 11.831 ;
; cpu_addr[13] ; prg_addr[17] ; 11.956 ;    ;    ; 11.956 ;
; cpu_addr[13] ; prg_addr[18] ; 11.806 ;    ;    ; 11.806 ;
; cpu_addr[14] ; prg_addr[13] ; 13.877 ;    ;    ; 13.877 ;
; cpu_addr[14] ; prg_addr[14] ; 11.233 ;    ;    ; 11.233 ;
; cpu_addr[14] ; prg_addr[15] ; 11.094 ;    ;    ; 11.094 ;
; cpu_addr[14] ; prg_addr[16] ; 11.091 ;    ;    ; 11.091 ;
; cpu_addr[14] ; prg_addr[17] ; 11.216 ;    ;    ; 11.216 ;
; cpu_addr[14] ; prg_addr[18] ; 11.066 ;    ;    ; 11.066 ;
; cpu_rw       ; prg_oe       ; 9.255  ;    ;    ; 9.255  ;
; cpu_rw       ; prg_we       ; 9.262  ;    ;    ; 9.262  ;
; ppu_addr[10] ; chr_addr[10] ; 15.626 ;    ;    ; 15.626 ;
; ppu_addr[10] ; chr_addr[11] ; 15.067 ;    ;    ; 15.067 ;
; ppu_addr[10] ; chr_addr[12] ; 13.976 ;    ;    ; 13.976 ;
; ppu_addr[10] ; chr_addr[13] ; 14.001 ;    ;    ; 14.001 ;
; ppu_addr[10] ; chr_addr[14] ; 13.411 ;    ;    ; 13.411 ;
; ppu_addr[10] ; chr_addr[15] ; 13.028 ;    ;    ; 13.028 ;
; ppu_addr[10] ; chr_addr[16] ; 12.881 ;    ;    ; 12.881 ;
; ppu_addr[10] ; chr_addr[17] ; 15.830 ;    ;    ; 15.830 ;
; ppu_addr[10] ; ciram_a10    ; 10.291 ;    ;    ; 10.291 ;
; ppu_addr[11] ; chr_addr[10] ; 17.388 ;    ;    ; 17.388 ;
; ppu_addr[11] ; chr_addr[11] ; 16.303 ;    ;    ; 16.303 ;
; ppu_addr[11] ; chr_addr[12] ; 15.738 ;    ;    ; 15.738 ;
; ppu_addr[11] ; chr_addr[13] ; 13.358 ;    ;    ; 13.358 ;
; ppu_addr[11] ; chr_addr[14] ; 13.005 ;    ;    ; 13.005 ;
; ppu_addr[11] ; chr_addr[15] ; 13.104 ;    ;    ; 13.104 ;
; ppu_addr[11] ; chr_addr[16] ; 14.646 ;    ;    ; 14.646 ;
; ppu_addr[11] ; chr_addr[17] ; 15.171 ;    ;    ; 15.171 ;
; ppu_addr[11] ; ciram_a10    ; 10.103 ;    ;    ; 10.103 ;
; ppu_addr[13] ; chr_ce       ; 8.293  ;    ;    ; 8.293  ;
; ppu_addr[13] ; chr_oe       ; 9.820  ;    ;    ; 9.820  ;
; ppu_rd       ; chr_oe       ; 10.175 ;    ;    ; 10.175 ;
+--------------+--------------+--------+----+----+--------+


+---------------------------------------------------------+
; Minimum Propagation Delay                               ;
+--------------+--------------+--------+----+----+--------+
; Input Port   ; Output Port  ; RR     ; RF ; FR ; FF     ;
+--------------+--------------+--------+----+----+--------+
; cpu_addr[13] ; prg_addr[13] ; 10.842 ;    ;    ; 10.842 ;
; cpu_addr[13] ; prg_addr[14] ; 10.988 ;    ;    ; 10.988 ;
; cpu_addr[13] ; prg_addr[15] ; 10.846 ;    ;    ; 10.846 ;
; cpu_addr[13] ; prg_addr[16] ; 10.850 ;    ;    ; 10.850 ;
; cpu_addr[13] ; prg_addr[17] ; 10.945 ;    ;    ; 10.945 ;
; cpu_addr[13] ; prg_addr[18] ; 10.804 ;    ;    ; 10.804 ;
; cpu_addr[14] ; prg_addr[13] ; 10.108 ;    ;    ; 10.108 ;
; cpu_addr[14] ; prg_addr[14] ; 11.233 ;    ;    ; 11.233 ;
; cpu_addr[14] ; prg_addr[15] ; 11.094 ;    ;    ; 11.094 ;
; cpu_addr[14] ; prg_addr[16] ; 11.091 ;    ;    ; 11.091 ;
; cpu_addr[14] ; prg_addr[17] ; 11.216 ;    ;    ; 11.216 ;
; cpu_addr[14] ; prg_addr[18] ; 11.066 ;    ;    ; 11.066 ;
; cpu_rw       ; prg_oe       ; 9.255  ;    ;    ; 9.255  ;
; cpu_rw       ; prg_we       ; 9.262  ;    ;    ; 9.262  ;
; ppu_addr[10] ; chr_addr[10] ; 11.272 ;    ;    ; 11.272 ;
; ppu_addr[10] ; chr_addr[11] ; 13.077 ;    ;    ; 13.077 ;
; ppu_addr[10] ; chr_addr[12] ; 12.358 ;    ;    ; 12.358 ;
; ppu_addr[10] ; chr_addr[13] ; 11.993 ;    ;    ; 11.993 ;
; ppu_addr[10] ; chr_addr[14] ; 12.905 ;    ;    ; 12.905 ;
; ppu_addr[10] ; chr_addr[15] ; 12.114 ;    ;    ; 12.114 ;
; ppu_addr[10] ; chr_addr[16] ; 12.881 ;    ;    ; 12.881 ;
; ppu_addr[10] ; chr_addr[17] ; 14.897 ;    ;    ; 14.897 ;
; ppu_addr[10] ; ciram_a10    ; 10.291 ;    ;    ; 10.291 ;
; ppu_addr[11] ; chr_addr[10] ; 17.388 ;    ;    ; 17.388 ;
; ppu_addr[11] ; chr_addr[11] ; 11.986 ;    ;    ; 11.986 ;
; ppu_addr[11] ; chr_addr[12] ; 12.153 ;    ;    ; 12.153 ;
; ppu_addr[11] ; chr_addr[13] ; 12.570 ;    ;    ; 12.570 ;
; ppu_addr[11] ; chr_addr[14] ; 12.749 ;    ;    ; 12.749 ;
; ppu_addr[11] ; chr_addr[15] ; 12.390 ;    ;    ; 12.390 ;
; ppu_addr[11] ; chr_addr[16] ; 11.432 ;    ;    ; 11.432 ;
; ppu_addr[11] ; chr_addr[17] ; 11.830 ;    ;    ; 11.830 ;
; ppu_addr[11] ; ciram_a10    ; 10.103 ;    ;    ; 10.103 ;
; ppu_addr[13] ; chr_ce       ; 8.293  ;    ;    ; 8.293  ;
; ppu_addr[13] ; chr_oe       ; 9.820  ;    ;    ; 9.820  ;
; ppu_rd       ; chr_oe       ; 10.175 ;    ;    ; 10.175 ;
+--------------+--------------+--------+----+----+--------+


+-------------------------------------------------------------------------+
; Setup Transfers                                                         ;
+--------------+--------------+----------+----------+----------+----------+
; From Clock   ; To Clock     ; RR Paths ; FR Paths ; RF Paths ; FF Paths ;
+--------------+--------------+----------+----------+----------+----------+
; m2           ; m2           ; 4        ; 0        ; 0        ; 0        ;
; m2           ; ppu_addr[12] ; 20       ; 0        ; 0        ; 0        ;
; ppu_addr[12] ; ppu_addr[12] ; 267      ; 0        ; 0        ; 0        ;
; romsel       ; ppu_addr[12] ; 34       ; 0        ; 0        ; 0        ;
; ppu_addr[12] ; romsel       ; 1        ; 0        ; 0        ; 0        ;
; romsel       ; romsel       ; 177      ; 0        ; 0        ; 0        ;
+--------------+--------------+----------+----------+----------+----------+
Entries labeled "false path" only account for clock-to-clock false paths and not path-based false paths. As a result, actual path counts may be lower than reported.


+-------------------------------------------------------------------------+
; Hold Transfers                                                          ;
+--------------+--------------+----------+----------+----------+----------+
; From Clock   ; To Clock     ; RR Paths ; FR Paths ; RF Paths ; FF Paths ;
+--------------+--------------+----------+----------+----------+----------+
; m2           ; m2           ; 4        ; 0        ; 0        ; 0        ;
; m2           ; ppu_addr[12] ; 20       ; 0        ; 0        ; 0        ;
; ppu_addr[12] ; ppu_addr[12] ; 267      ; 0        ; 0        ; 0        ;
; romsel       ; ppu_addr[12] ; 34       ; 0        ; 0        ; 0        ;
; ppu_addr[12] ; romsel       ; 1        ; 0        ; 0        ; 0        ;
; romsel       ; romsel       ; 177      ; 0        ; 0        ; 0        ;
+--------------+--------------+----------+----------+----------+----------+
Entries labeled "false path" only account for clock-to-clock false paths and not path-based false paths. As a result, actual path counts may be lower than reported.


+---------------------------------------------------------------------+
; Recovery Transfers                                                  ;
+--------------+----------+----------+----------+----------+----------+
; From Clock   ; To Clock ; RR Paths ; FR Paths ; RF Paths ; FF Paths ;
+--------------+----------+----------+----------+----------+----------+
; ppu_addr[12] ; m2       ; 2        ; 2        ; 0        ; 0        ;
+--------------+----------+----------+----------+----------+----------+
Entries labeled "false path" only account for clock-to-clock false paths and not path-based false paths. As a result, actual path counts may be lower than reported.


+---------------------------------------------------------------------+
; Removal Transfers                                                   ;
+--------------+----------+----------+----------+----------+----------+
; From Clock   ; To Clock ; RR Paths ; FR Paths ; RF Paths ; FF Paths ;
+--------------+----------+----------+----------+----------+----------+
; ppu_addr[12] ; m2       ; 2        ; 2        ; 0        ; 0        ;
+--------------+----------+----------+----------+----------+----------+
Entries labeled "false path" only account for clock-to-clock false paths and not path-based false paths. As a result, actual path counts may be lower than reported.


---------------
; Report TCCS ;
---------------
No dedicated SERDES Transmitter circuitry present in device or used in design


---------------
; Report RSKM ;
---------------
No dedicated SERDES Receiver circuitry present in device or used in design


+------------------------------------------------+
; Unconstrained Paths                            ;
+---------------------------------+-------+------+
; Property                        ; Setup ; Hold ;
+---------------------------------+-------+------+
; Illegal Clocks                  ; 0     ; 0    ;
; Unconstrained Clocks            ; 0     ; 0    ;
; Unconstrained Input Ports       ; 18    ; 18   ;
; Unconstrained Input Port Paths  ; 414   ; 414  ;
; Unconstrained Output Ports      ; 21    ; 21   ;
; Unconstrained Output Port Paths ; 120   ; 120  ;
+---------------------------------+-------+------+


+------------------------------------+
; TimeQuest Timing Analyzer Messages ;
+------------------------------------+
Info: *******************************************************************
Info: Running Quartus II 64-Bit TimeQuest Timing Analyzer
    Info: Version 13.0.1 Build 232 06/12/2013 Service Pack 1 SJ Web Edition
    Info: Processing started: Mon Nov 11 16:43:40 2024
Info: Command: quartus_sta mmc3 -c mmc3
Info: qsta_default_script.tcl version: #1
Warning (20028): Parallel compilation is not licensed and has been disabled
Info (21077): Low junction temperature is 0 degrees C
Info (21077): High junction temperature is 85 degrees C
Info (306004): Started post-fitting delay annotation
Info (306005): Delay annotation completed successfully
Warning (335093): TimeQuest Timing Analyzer is analyzing 2 combinational loops as latches.
Critical Warning (332012): Synopsys Design Constraints File file not found: 'mmc3.sdc'. A Synopsys Design Constraints File is required by the TimeQuest Timing Analyzer to get proper timing constraints. Without it, the Compiler will not properly optimize the design.
Info (332142): No user constrained base clocks found in the design. Calling "derive_clocks -period 1.0"
Info (332105): Deriving Clocks
    Info (332105): create_clock -period 1.000 -name romsel romsel
    Info (332105): create_clock -period 1.000 -name ppu_addr[12] ppu_addr[12]
    Info (332105): create_clock -period 1.000 -name m2 m2
Info: Found TIMEQUEST_REPORT_SCRIPT_INCLUDE_DEFAULT_ANALYSIS = ON
Critical Warning (332148): Timing requirements not met
Info (332146): Worst-case setup slack is -8.977
    Info (332119):     Slack End Point TNS Clock 
    Info (332119): ========= ============= =====================
    Info (332119):    -8.977       -69.310 ppu_addr[12] 
    Info (332119):    -4.843      -265.239 romsel 
    Info (332119):    -1.519        -3.022 m2 
Info (332146): Worst-case hold slack is -1.106
    Info (332119):     Slack End Point TNS Clock 
    Info (332119): ========= ============= =====================
    Info (332119):    -1.106        -6.126 ppu_addr[12] 
    Info (332119):     1.649         0.000 romsel 
    Info (332119):     1.687         0.000 m2 
Info (332146): Worst-case recovery slack is -4.104
    Info (332119):     Slack End Point TNS Clock 
    Info (332119): ========= ============= =====================
    Info (332119):    -4.104        -8.208 m2 
Info (332146): Worst-case removal slack is 4.050
    Info (332119):     Slack End Point TNS Clock 
    Info (332119): ========= ============= =====================
    Info (332119):     4.050         0.000 m2 
Info (332146): Worst-case minimum pulse width slack is -2.289
    Info (332119):     Slack End Point TNS Clock 
    Info (332119): ========= ============= =====================
    Info (332119):    -2.289        -2.289 m2 
    Info (332119):    -2.289        -2.289 ppu_addr[12] 
    Info (332119):    -2.289        -2.289 romsel 
Info (332001): The selected device family is not supported by the report_metastability command.
Info (332102): Design is not fully constrained for setup requirements
Info (332102): Design is not fully constrained for hold requirements
Info: Quartus II 64-Bit TimeQuest Timing Analyzer was successful. 0 errors, 4 warnings
    Info: Peak virtual memory: 4515 megabytes
    Info: Processing ended: Mon Nov 11 16:43:41 2024
    Info: Elapsed time: 00:00:01
    Info: Total CPU time (on all processors): 00:00:01


