TimeQuest Timing Analyzer report for mmc1
Sat Dec 21 15:07:22 2024
Quartus II 64-Bit Version 13.0.1 Build 232 06/12/2013 Service Pack 1 SJ Web Edition


---------------------
; Table of Contents ;
---------------------
  1. Legal Notice
  2. TimeQuest Timing Analyzer Summary
  3. Parallel Compilation
  4. Clocks
  5. Fmax Summary
  6. Setup Summary
  7. Hold Summary
  8. Recovery Summary
  9. Removal Summary
 10. Minimum Pulse Width Summary
 11. Setup: 'ppu_addr[12]'
 12. Setup: 'romsel'
 13. Setup: 'm2'
 14. Hold: 'ppu_addr[12]'
 15. Hold: 'm2'
 16. Hold: 'romsel'
 17. Recovery: 'm2'
 18. Removal: 'm2'
 19. Minimum Pulse Width: 'romsel'
 20. Minimum Pulse Width: 'ppu_addr[12]'
 21. Minimum Pulse Width: 'm2'
 22. Setup Times
 23. Hold Times
 24. Clock to Output Times
 25. Minimum Clock to Output Times
 26. Propagation Delay
 27. Minimum Propagation Delay
 28. Setup Transfers
 29. Hold Transfers
 30. Recovery Transfers
 31. Removal Transfers
 32. Report TCCS
 33. Report RSKM
 34. Unconstrained Paths
 35. TimeQuest Timing Analyzer Messages



----------------
; Legal Notice ;
----------------
Copyright (C) 1991-2013 Altera Corporation
Your use of Altera Corporation's design tools, logic functions 
and other software and tools, and its AMPP partner logic 
functions, and any output files from any of the foregoing 
(including device programming or simulation files), and any 
associated documentation or information are expressly subject 
to the terms and conditions of the Altera Program License 
Subscription Agreement, Altera MegaCore Function License 
Agreement, or other applicable license agreement, including, 
without limitation, that your use is for the sole purpose of 
programming logic devices manufactured by Altera and sold by 
Altera or its authorized distributors.  Please refer to the 
applicable agreement for further details.



+----------------------------------------------------------------------------------------+
; TimeQuest Timing Analyzer Summary                                                      ;
+--------------------+-------------------------------------------------------------------+
; Quartus II Version ; Version 13.0.1 Build 232 06/12/2013 Service Pack 1 SJ Web Edition ;
; Revision Name      ; mmc1                                                              ;
; Device Family      ; MAX3000A                                                          ;
; Device Name        ; EPM3128ATC100-10                                                  ;
; Timing Models      ; Final                                                             ;
; Delay Model        ; Slow Model                                                        ;
; Rise/Fall Delays   ; Unavailable                                                       ;
+--------------------+-------------------------------------------------------------------+


Parallel compilation was disabled, but you have multiple processors available. Enable parallel compilation to reduce compilation time.
+-------------------------------------+
; Parallel Compilation                ;
+----------------------------+--------+
; Processors                 ; Number ;
+----------------------------+--------+
; Number detected on machine ; 4      ;
; Maximum allowed            ; 1      ;
+----------------------------+--------+


+--------------------------------------------------------------------------------------------------------------------------------------------------------------------------------------------+
; Clocks                                                                                                                                                                                     ;
+--------------+------+--------+------------+-------+-------+------------+-----------+-------------+-------+--------+-----------+------------+----------+--------+--------+------------------+
; Clock Name   ; Type ; Period ; Frequency  ; Rise  ; Fall  ; Duty Cycle ; Divide by ; Multiply by ; Phase ; Offset ; Edge List ; Edge Shift ; Inverted ; Master ; Source ; Targets          ;
+--------------+------+--------+------------+-------+-------+------------+-----------+-------------+-------+--------+-----------+------------+----------+--------+--------+------------------+
; m2           ; Base ; 1.000  ; 1000.0 MHz ; 0.000 ; 0.500 ;            ;           ;             ;       ;        ;           ;            ;          ;        ;        ; { m2 }           ;
; ppu_addr[12] ; Base ; 1.000  ; 1000.0 MHz ; 0.000 ; 0.500 ;            ;           ;             ;       ;        ;           ;            ;          ;        ;        ; { ppu_addr[12] } ;
; romsel       ; Base ; 1.000  ; 1000.0 MHz ; 0.000 ; 0.500 ;            ;           ;             ;       ;        ;           ;            ;          ;        ;        ; { romsel }       ;
+--------------+------+--------+------------+-------+-------+------------+-----------+-------------+-------+--------+-----------+------------+----------+--------+--------+------------------+


+---------------------------------------------------+
; Fmax Summary                                      ;
+-----------+-----------------+--------------+------+
; Fmax      ; Restricted Fmax ; Clock Name   ; Note ;
+-----------+-----------------+--------------+------+
; 57.8 MHz  ; 57.8 MHz        ; ppu_addr[12] ;      ;
; 92.59 MHz ; 92.59 MHz       ; romsel       ;      ;
; 98.04 MHz ; 98.04 MHz       ; m2           ;      ;
+-----------+-----------------+--------------+------+
This panel reports FMAX for every clock in the design, regardless of the user-specified clock periods.  FMAX is only computed for paths where the source and destination registers or ports are driven by the same clock.  Paths of different clocks, including generated clocks, are ignored.  For paths between a clock and its inversion, FMAX is computed as if the rising and falling edges are scaled along with FMAX, such that the duty cycle (in terms of a percentage) is maintained. Altera recommends that you always use clock constraints and other slack reports for sign-off analysis.


+----------------------------------------+
; Setup Summary                          ;
+--------------+---------+---------------+
; Clock        ; Slack   ; End Point TNS ;
+--------------+---------+---------------+
; ppu_addr[12] ; -16.400 ; -157.000      ;
; romsel       ; -9.800  ; -718.900      ;
; m2           ; -9.200  ; -27.600       ;
+--------------+---------+---------------+


+--------------------------------------+
; Hold Summary                         ;
+--------------+-------+---------------+
; Clock        ; Slack ; End Point TNS ;
+--------------+-------+---------------+
; ppu_addr[12] ; 2.700 ; 0.000         ;
; m2           ; 6.000 ; 0.000         ;
; romsel       ; 6.000 ; 0.000         ;
+--------------+-------+---------------+


+--------------------------------+
; Recovery Summary               ;
+-------+--------+---------------+
; Clock ; Slack  ; End Point TNS ;
+-------+--------+---------------+
; m2    ; -7.500 ; -22.500       ;
+-------+--------+---------------+


+-------------------------------+
; Removal Summary               ;
+-------+-------+---------------+
; Clock ; Slack ; End Point TNS ;
+-------+-------+---------------+
; m2    ; 3.800 ; 0.000         ;
+-------+-------+---------------+


+---------------------------------------+
; Minimum Pulse Width Summary           ;
+--------------+--------+---------------+
; Clock        ; Slack  ; End Point TNS ;
+--------------+--------+---------------+
; romsel       ; -3.500 ; -518.000      ;
; ppu_addr[12] ; -3.500 ; -70.000       ;
; m2           ; -3.500 ; -21.000       ;
+--------------+--------+---------------+


+----------------------------------------------------------------------------------------------------------------------------------------+
; Setup: 'ppu_addr[12]'                                                                                                                  ;
+---------+---------------------------+---------------------------+--------------+--------------+--------------+------------+------------+
; Slack   ; From Node                 ; To Node                   ; Launch Clock ; Latch Clock  ; Relationship ; Clock Skew ; Data Delay ;
+---------+---------------------------+---------------------------+--------------+--------------+--------------+------------+------------+
; -16.400 ; irq_scanline_reload       ; irq_scanline_counter[3]   ; romsel       ; ppu_addr[12] ; 1.000        ; -0.100     ; 14.400     ;
; -16.400 ; irq_scanline_reload       ; irq_scanline_counter[2]   ; romsel       ; ppu_addr[12] ; 1.000        ; -0.100     ; 14.400     ;
; -16.400 ; irq_scanline_reload       ; irq_scanline_counter[1]   ; romsel       ; ppu_addr[12] ; 1.000        ; -0.100     ; 14.400     ;
; -16.400 ; irq_scanline_reload       ; irq_scanline_counter[0]   ; romsel       ; ppu_addr[12] ; 1.000        ; -0.100     ; 14.400     ;
; -16.400 ; irq_scanline_reload       ; irq_scanline_counter[7]   ; romsel       ; ppu_addr[12] ; 1.000        ; -0.100     ; 14.400     ;
; -16.400 ; irq_scanline_reload       ; irq_scanline_counter[6]   ; romsel       ; ppu_addr[12] ; 1.000        ; -0.100     ; 14.400     ;
; -16.400 ; irq_scanline_reload       ; irq_scanline_counter[5]   ; romsel       ; ppu_addr[12] ; 1.000        ; -0.100     ; 14.400     ;
; -16.400 ; irq_scanline_reload       ; irq_scanline_counter[4]   ; romsel       ; ppu_addr[12] ; 1.000        ; -0.100     ; 14.400     ;
; -16.400 ; irq_scanline_reload       ; irq_scanline_value        ; romsel       ; ppu_addr[12] ; 1.000        ; -0.100     ; 14.400     ;
; -16.300 ; irq_scanline_reload_clear ; irq_scanline_counter[3]   ; ppu_addr[12] ; ppu_addr[12] ; 1.000        ; 0.000      ; 14.400     ;
; -16.300 ; irq_scanline_reload_clear ; irq_scanline_counter[2]   ; ppu_addr[12] ; ppu_addr[12] ; 1.000        ; 0.000      ; 14.400     ;
; -16.300 ; irq_scanline_reload_clear ; irq_scanline_counter[1]   ; ppu_addr[12] ; ppu_addr[12] ; 1.000        ; 0.000      ; 14.400     ;
; -16.300 ; irq_scanline_reload_clear ; irq_scanline_counter[0]   ; ppu_addr[12] ; ppu_addr[12] ; 1.000        ; 0.000      ; 14.400     ;
; -16.300 ; irq_scanline_reload_clear ; irq_scanline_counter[7]   ; ppu_addr[12] ; ppu_addr[12] ; 1.000        ; 0.000      ; 14.400     ;
; -16.300 ; irq_scanline_reload_clear ; irq_scanline_counter[6]   ; ppu_addr[12] ; ppu_addr[12] ; 1.000        ; 0.000      ; 14.400     ;
; -16.300 ; irq_scanline_reload_clear ; irq_scanline_counter[5]   ; ppu_addr[12] ; ppu_addr[12] ; 1.000        ; 0.000      ; 14.400     ;
; -16.300 ; irq_scanline_reload_clear ; irq_scanline_counter[4]   ; ppu_addr[12] ; ppu_addr[12] ; 1.000        ; 0.000      ; 14.400     ;
; -16.300 ; irq_scanline_reload_clear ; irq_scanline_value        ; ppu_addr[12] ; ppu_addr[12] ; 1.000        ; 0.000      ; 14.400     ;
; -16.200 ; irq_scanline_counter[3]   ; irq_scanline_counter[3]   ; ppu_addr[12] ; ppu_addr[12] ; 1.000        ; 0.000      ; 14.300     ;
; -16.200 ; irq_scanline_counter[2]   ; irq_scanline_counter[3]   ; ppu_addr[12] ; ppu_addr[12] ; 1.000        ; 0.000      ; 14.300     ;
; -16.200 ; irq_scanline_counter[1]   ; irq_scanline_counter[3]   ; ppu_addr[12] ; ppu_addr[12] ; 1.000        ; 0.000      ; 14.300     ;
; -16.200 ; irq_scanline_counter[0]   ; irq_scanline_counter[3]   ; ppu_addr[12] ; ppu_addr[12] ; 1.000        ; 0.000      ; 14.300     ;
; -16.200 ; irq_scanline_counter[7]   ; irq_scanline_counter[3]   ; ppu_addr[12] ; ppu_addr[12] ; 1.000        ; 0.000      ; 14.300     ;
; -16.200 ; irq_scanline_counter[6]   ; irq_scanline_counter[3]   ; ppu_addr[12] ; ppu_addr[12] ; 1.000        ; 0.000      ; 14.300     ;
; -16.200 ; irq_scanline_counter[5]   ; irq_scanline_counter[3]   ; ppu_addr[12] ; ppu_addr[12] ; 1.000        ; 0.000      ; 14.300     ;
; -16.200 ; irq_scanline_counter[4]   ; irq_scanline_counter[3]   ; ppu_addr[12] ; ppu_addr[12] ; 1.000        ; 0.000      ; 14.300     ;
; -16.200 ; irq_scanline_counter[3]   ; irq_scanline_counter[2]   ; ppu_addr[12] ; ppu_addr[12] ; 1.000        ; 0.000      ; 14.300     ;
; -16.200 ; irq_scanline_counter[2]   ; irq_scanline_counter[2]   ; ppu_addr[12] ; ppu_addr[12] ; 1.000        ; 0.000      ; 14.300     ;
; -16.200 ; irq_scanline_counter[1]   ; irq_scanline_counter[2]   ; ppu_addr[12] ; ppu_addr[12] ; 1.000        ; 0.000      ; 14.300     ;
; -16.200 ; irq_scanline_counter[0]   ; irq_scanline_counter[2]   ; ppu_addr[12] ; ppu_addr[12] ; 1.000        ; 0.000      ; 14.300     ;
; -16.200 ; irq_scanline_counter[7]   ; irq_scanline_counter[2]   ; ppu_addr[12] ; ppu_addr[12] ; 1.000        ; 0.000      ; 14.300     ;
; -16.200 ; irq_scanline_counter[6]   ; irq_scanline_counter[2]   ; ppu_addr[12] ; ppu_addr[12] ; 1.000        ; 0.000      ; 14.300     ;
; -16.200 ; irq_scanline_counter[5]   ; irq_scanline_counter[2]   ; ppu_addr[12] ; ppu_addr[12] ; 1.000        ; 0.000      ; 14.300     ;
; -16.200 ; irq_scanline_counter[4]   ; irq_scanline_counter[2]   ; ppu_addr[12] ; ppu_addr[12] ; 1.000        ; 0.000      ; 14.300     ;
; -16.200 ; irq_scanline_counter[3]   ; irq_scanline_counter[1]   ; ppu_addr[12] ; ppu_addr[12] ; 1.000        ; 0.000      ; 14.300     ;
; -16.200 ; irq_scanline_counter[2]   ; irq_scanline_counter[1]   ; ppu_addr[12] ; ppu_addr[12] ; 1.000        ; 0.000      ; 14.300     ;
; -16.200 ; irq_scanline_counter[1]   ; irq_scanline_counter[1]   ; ppu_addr[12] ; ppu_addr[12] ; 1.000        ; 0.000      ; 14.300     ;
; -16.200 ; irq_scanline_counter[0]   ; irq_scanline_counter[1]   ; ppu_addr[12] ; ppu_addr[12] ; 1.000        ; 0.000      ; 14.300     ;
; -16.200 ; irq_scanline_counter[7]   ; irq_scanline_counter[1]   ; ppu_addr[12] ; ppu_addr[12] ; 1.000        ; 0.000      ; 14.300     ;
; -16.200 ; irq_scanline_counter[6]   ; irq_scanline_counter[1]   ; ppu_addr[12] ; ppu_addr[12] ; 1.000        ; 0.000      ; 14.300     ;
; -16.200 ; irq_scanline_counter[5]   ; irq_scanline_counter[1]   ; ppu_addr[12] ; ppu_addr[12] ; 1.000        ; 0.000      ; 14.300     ;
; -16.200 ; irq_scanline_counter[4]   ; irq_scanline_counter[1]   ; ppu_addr[12] ; ppu_addr[12] ; 1.000        ; 0.000      ; 14.300     ;
; -16.200 ; irq_scanline_counter[3]   ; irq_scanline_counter[0]   ; ppu_addr[12] ; ppu_addr[12] ; 1.000        ; 0.000      ; 14.300     ;
; -16.200 ; irq_scanline_counter[2]   ; irq_scanline_counter[0]   ; ppu_addr[12] ; ppu_addr[12] ; 1.000        ; 0.000      ; 14.300     ;
; -16.200 ; irq_scanline_counter[1]   ; irq_scanline_counter[0]   ; ppu_addr[12] ; ppu_addr[12] ; 1.000        ; 0.000      ; 14.300     ;
; -16.200 ; irq_scanline_counter[0]   ; irq_scanline_counter[0]   ; ppu_addr[12] ; ppu_addr[12] ; 1.000        ; 0.000      ; 14.300     ;
; -16.200 ; irq_scanline_counter[7]   ; irq_scanline_counter[0]   ; ppu_addr[12] ; ppu_addr[12] ; 1.000        ; 0.000      ; 14.300     ;
; -16.200 ; irq_scanline_counter[6]   ; irq_scanline_counter[0]   ; ppu_addr[12] ; ppu_addr[12] ; 1.000        ; 0.000      ; 14.300     ;
; -16.200 ; irq_scanline_counter[5]   ; irq_scanline_counter[0]   ; ppu_addr[12] ; ppu_addr[12] ; 1.000        ; 0.000      ; 14.300     ;
; -16.200 ; irq_scanline_counter[4]   ; irq_scanline_counter[0]   ; ppu_addr[12] ; ppu_addr[12] ; 1.000        ; 0.000      ; 14.300     ;
; -16.200 ; irq_scanline_counter[3]   ; irq_scanline_counter[7]   ; ppu_addr[12] ; ppu_addr[12] ; 1.000        ; 0.000      ; 14.300     ;
; -16.200 ; irq_scanline_counter[2]   ; irq_scanline_counter[7]   ; ppu_addr[12] ; ppu_addr[12] ; 1.000        ; 0.000      ; 14.300     ;
; -16.200 ; irq_scanline_counter[1]   ; irq_scanline_counter[7]   ; ppu_addr[12] ; ppu_addr[12] ; 1.000        ; 0.000      ; 14.300     ;
; -16.200 ; irq_scanline_counter[0]   ; irq_scanline_counter[7]   ; ppu_addr[12] ; ppu_addr[12] ; 1.000        ; 0.000      ; 14.300     ;
; -16.200 ; irq_scanline_counter[7]   ; irq_scanline_counter[7]   ; ppu_addr[12] ; ppu_addr[12] ; 1.000        ; 0.000      ; 14.300     ;
; -16.200 ; irq_scanline_counter[6]   ; irq_scanline_counter[7]   ; ppu_addr[12] ; ppu_addr[12] ; 1.000        ; 0.000      ; 14.300     ;
; -16.200 ; irq_scanline_counter[5]   ; irq_scanline_counter[7]   ; ppu_addr[12] ; ppu_addr[12] ; 1.000        ; 0.000      ; 14.300     ;
; -16.200 ; irq_scanline_counter[4]   ; irq_scanline_counter[7]   ; ppu_addr[12] ; ppu_addr[12] ; 1.000        ; 0.000      ; 14.300     ;
; -16.200 ; irq_scanline_counter[3]   ; irq_scanline_counter[6]   ; ppu_addr[12] ; ppu_addr[12] ; 1.000        ; 0.000      ; 14.300     ;
; -16.200 ; irq_scanline_counter[2]   ; irq_scanline_counter[6]   ; ppu_addr[12] ; ppu_addr[12] ; 1.000        ; 0.000      ; 14.300     ;
; -16.200 ; irq_scanline_counter[1]   ; irq_scanline_counter[6]   ; ppu_addr[12] ; ppu_addr[12] ; 1.000        ; 0.000      ; 14.300     ;
; -16.200 ; irq_scanline_counter[0]   ; irq_scanline_counter[6]   ; ppu_addr[12] ; ppu_addr[12] ; 1.000        ; 0.000      ; 14.300     ;
; -16.200 ; irq_scanline_counter[7]   ; irq_scanline_counter[6]   ; ppu_addr[12] ; ppu_addr[12] ; 1.000        ; 0.000      ; 14.300     ;
; -16.200 ; irq_scanline_counter[6]   ; irq_scanline_counter[6]   ; ppu_addr[12] ; ppu_addr[12] ; 1.000        ; 0.000      ; 14.300     ;
; -16.200 ; irq_scanline_counter[5]   ; irq_scanline_counter[6]   ; ppu_addr[12] ; ppu_addr[12] ; 1.000        ; 0.000      ; 14.300     ;
; -16.200 ; irq_scanline_counter[4]   ; irq_scanline_counter[6]   ; ppu_addr[12] ; ppu_addr[12] ; 1.000        ; 0.000      ; 14.300     ;
; -16.200 ; irq_scanline_counter[3]   ; irq_scanline_counter[5]   ; ppu_addr[12] ; ppu_addr[12] ; 1.000        ; 0.000      ; 14.300     ;
; -16.200 ; irq_scanline_counter[2]   ; irq_scanline_counter[5]   ; ppu_addr[12] ; ppu_addr[12] ; 1.000        ; 0.000      ; 14.300     ;
; -16.200 ; irq_scanline_counter[1]   ; irq_scanline_counter[5]   ; ppu_addr[12] ; ppu_addr[12] ; 1.000        ; 0.000      ; 14.300     ;
; -16.200 ; irq_scanline_counter[0]   ; irq_scanline_counter[5]   ; ppu_addr[12] ; ppu_addr[12] ; 1.000        ; 0.000      ; 14.300     ;
; -16.200 ; irq_scanline_counter[7]   ; irq_scanline_counter[5]   ; ppu_addr[12] ; ppu_addr[12] ; 1.000        ; 0.000      ; 14.300     ;
; -16.200 ; irq_scanline_counter[6]   ; irq_scanline_counter[5]   ; ppu_addr[12] ; ppu_addr[12] ; 1.000        ; 0.000      ; 14.300     ;
; -16.200 ; irq_scanline_counter[5]   ; irq_scanline_counter[5]   ; ppu_addr[12] ; ppu_addr[12] ; 1.000        ; 0.000      ; 14.300     ;
; -16.200 ; irq_scanline_counter[4]   ; irq_scanline_counter[5]   ; ppu_addr[12] ; ppu_addr[12] ; 1.000        ; 0.000      ; 14.300     ;
; -16.200 ; irq_scanline_counter[3]   ; irq_scanline_counter[4]   ; ppu_addr[12] ; ppu_addr[12] ; 1.000        ; 0.000      ; 14.300     ;
; -16.200 ; irq_scanline_counter[2]   ; irq_scanline_counter[4]   ; ppu_addr[12] ; ppu_addr[12] ; 1.000        ; 0.000      ; 14.300     ;
; -16.200 ; irq_scanline_counter[1]   ; irq_scanline_counter[4]   ; ppu_addr[12] ; ppu_addr[12] ; 1.000        ; 0.000      ; 14.300     ;
; -16.200 ; irq_scanline_counter[0]   ; irq_scanline_counter[4]   ; ppu_addr[12] ; ppu_addr[12] ; 1.000        ; 0.000      ; 14.300     ;
; -16.200 ; irq_scanline_counter[7]   ; irq_scanline_counter[4]   ; ppu_addr[12] ; ppu_addr[12] ; 1.000        ; 0.000      ; 14.300     ;
; -16.200 ; irq_scanline_counter[6]   ; irq_scanline_counter[4]   ; ppu_addr[12] ; ppu_addr[12] ; 1.000        ; 0.000      ; 14.300     ;
; -16.200 ; irq_scanline_counter[5]   ; irq_scanline_counter[4]   ; ppu_addr[12] ; ppu_addr[12] ; 1.000        ; 0.000      ; 14.300     ;
; -16.200 ; irq_scanline_counter[4]   ; irq_scanline_counter[4]   ; ppu_addr[12] ; ppu_addr[12] ; 1.000        ; 0.000      ; 14.300     ;
; -16.200 ; irq_scanline_counter[3]   ; irq_scanline_value        ; ppu_addr[12] ; ppu_addr[12] ; 1.000        ; 0.000      ; 14.300     ;
; -16.200 ; irq_scanline_counter[2]   ; irq_scanline_value        ; ppu_addr[12] ; ppu_addr[12] ; 1.000        ; 0.000      ; 14.300     ;
; -16.200 ; irq_scanline_counter[1]   ; irq_scanline_value        ; ppu_addr[12] ; ppu_addr[12] ; 1.000        ; 0.000      ; 14.300     ;
; -16.200 ; irq_scanline_counter[0]   ; irq_scanline_value        ; ppu_addr[12] ; ppu_addr[12] ; 1.000        ; 0.000      ; 14.300     ;
; -16.200 ; irq_scanline_counter[7]   ; irq_scanline_value        ; ppu_addr[12] ; ppu_addr[12] ; 1.000        ; 0.000      ; 14.300     ;
; -16.200 ; irq_scanline_counter[6]   ; irq_scanline_value        ; ppu_addr[12] ; ppu_addr[12] ; 1.000        ; 0.000      ; 14.300     ;
; -16.200 ; irq_scanline_counter[5]   ; irq_scanline_value        ; ppu_addr[12] ; ppu_addr[12] ; 1.000        ; 0.000      ; 14.300     ;
; -16.200 ; irq_scanline_counter[4]   ; irq_scanline_value        ; ppu_addr[12] ; ppu_addr[12] ; 1.000        ; 0.000      ; 14.300     ;
; -9.700  ; a12_low_time[2]           ; irq_scanline_counter[0]   ; m2           ; ppu_addr[12] ; 1.000        ; 3.300      ; 11.100     ;
; -9.700  ; a12_low_time[2]           ; irq_scanline_value        ; m2           ; ppu_addr[12] ; 1.000        ; 3.300      ; 11.100     ;
; -9.700  ; a12_low_time[0]           ; irq_scanline_counter[0]   ; m2           ; ppu_addr[12] ; 1.000        ; 3.300      ; 11.100     ;
; -9.700  ; a12_low_time[1]           ; irq_scanline_counter[0]   ; m2           ; ppu_addr[12] ; 1.000        ; 3.300      ; 11.100     ;
; -9.700  ; a12_low_time[0]           ; irq_scanline_value        ; m2           ; ppu_addr[12] ; 1.000        ; 3.300      ; 11.100     ;
; -9.700  ; a12_low_time[1]           ; irq_scanline_value        ; m2           ; ppu_addr[12] ; 1.000        ; 3.300      ; 11.100     ;
; -9.400  ; irq_scanline_reload       ; irq_scanline_reload_clear ; romsel       ; ppu_addr[12] ; 1.000        ; -0.100     ; 7.400      ;
; -9.400  ; r[9][3]                   ; irq_scanline_counter[3]   ; romsel       ; ppu_addr[12] ; 1.000        ; -0.100     ; 7.400      ;
; -9.400  ; r[9][2]                   ; irq_scanline_counter[2]   ; romsel       ; ppu_addr[12] ; 1.000        ; -0.100     ; 7.400      ;
; -9.400  ; r[9][1]                   ; irq_scanline_counter[1]   ; romsel       ; ppu_addr[12] ; 1.000        ; -0.100     ; 7.400      ;
+---------+---------------------------+---------------------------+--------------+--------------+--------------+------------+------------+


+----------------------------------------------------------------------------------------------------+
; Setup: 'romsel'                                                                                    ;
+--------+-----------+---------+--------------+-------------+--------------+------------+------------+
; Slack  ; From Node ; To Node ; Launch Clock ; Latch Clock ; Relationship ; Clock Skew ; Data Delay ;
+--------+-----------+---------+--------------+-------------+--------------+------------+------------+
; -9.800 ; r[8][2]   ; r[8][2] ; romsel       ; romsel      ; 1.000        ; 0.000      ; 7.900      ;
; -9.800 ; r[8][1]   ; r[8][1] ; romsel       ; romsel      ; 1.000        ; 0.000      ; 7.900      ;
; -9.800 ; r[8][0]   ; r[8][0] ; romsel       ; romsel      ; 1.000        ; 0.000      ; 7.900      ;
; -9.800 ; r[8][2]   ; r[6][0] ; romsel       ; romsel      ; 1.000        ; 0.000      ; 7.900      ;
; -9.800 ; r[8][1]   ; r[6][0] ; romsel       ; romsel      ; 1.000        ; 0.000      ; 7.900      ;
; -9.800 ; r[8][0]   ; r[6][0] ; romsel       ; romsel      ; 1.000        ; 0.000      ; 7.900      ;
; -9.800 ; r[8][2]   ; r[6][1] ; romsel       ; romsel      ; 1.000        ; 0.000      ; 7.900      ;
; -9.800 ; r[8][1]   ; r[6][1] ; romsel       ; romsel      ; 1.000        ; 0.000      ; 7.900      ;
; -9.800 ; r[8][0]   ; r[6][1] ; romsel       ; romsel      ; 1.000        ; 0.000      ; 7.900      ;
; -9.800 ; r[8][2]   ; r[6][2] ; romsel       ; romsel      ; 1.000        ; 0.000      ; 7.900      ;
; -9.800 ; r[8][1]   ; r[6][2] ; romsel       ; romsel      ; 1.000        ; 0.000      ; 7.900      ;
; -9.800 ; r[8][0]   ; r[6][2] ; romsel       ; romsel      ; 1.000        ; 0.000      ; 7.900      ;
; -9.800 ; r[8][2]   ; r[6][3] ; romsel       ; romsel      ; 1.000        ; 0.000      ; 7.900      ;
; -9.800 ; r[8][1]   ; r[6][3] ; romsel       ; romsel      ; 1.000        ; 0.000      ; 7.900      ;
; -9.800 ; r[8][0]   ; r[6][3] ; romsel       ; romsel      ; 1.000        ; 0.000      ; 7.900      ;
; -9.800 ; r[8][2]   ; r[6][4] ; romsel       ; romsel      ; 1.000        ; 0.000      ; 7.900      ;
; -9.800 ; r[8][1]   ; r[6][4] ; romsel       ; romsel      ; 1.000        ; 0.000      ; 7.900      ;
; -9.800 ; r[8][0]   ; r[6][4] ; romsel       ; romsel      ; 1.000        ; 0.000      ; 7.900      ;
; -9.800 ; r[8][2]   ; r[6][5] ; romsel       ; romsel      ; 1.000        ; 0.000      ; 7.900      ;
; -9.800 ; r[8][1]   ; r[6][5] ; romsel       ; romsel      ; 1.000        ; 0.000      ; 7.900      ;
; -9.800 ; r[8][0]   ; r[6][5] ; romsel       ; romsel      ; 1.000        ; 0.000      ; 7.900      ;
; -9.800 ; r[8][1]   ; r[2][0] ; romsel       ; romsel      ; 1.000        ; 0.000      ; 7.900      ;
; -9.800 ; r[8][0]   ; r[2][0] ; romsel       ; romsel      ; 1.000        ; 0.000      ; 7.900      ;
; -9.800 ; r[8][2]   ; r[2][0] ; romsel       ; romsel      ; 1.000        ; 0.000      ; 7.900      ;
; -9.800 ; r[8][2]   ; r[4][0] ; romsel       ; romsel      ; 1.000        ; 0.000      ; 7.900      ;
; -9.800 ; r[8][1]   ; r[4][0] ; romsel       ; romsel      ; 1.000        ; 0.000      ; 7.900      ;
; -9.800 ; r[8][0]   ; r[4][0] ; romsel       ; romsel      ; 1.000        ; 0.000      ; 7.900      ;
; -9.800 ; r[8][1]   ; r[2][1] ; romsel       ; romsel      ; 1.000        ; 0.000      ; 7.900      ;
; -9.800 ; r[8][0]   ; r[2][1] ; romsel       ; romsel      ; 1.000        ; 0.000      ; 7.900      ;
; -9.800 ; r[8][2]   ; r[2][1] ; romsel       ; romsel      ; 1.000        ; 0.000      ; 7.900      ;
; -9.800 ; r[8][2]   ; r[4][1] ; romsel       ; romsel      ; 1.000        ; 0.000      ; 7.900      ;
; -9.800 ; r[8][1]   ; r[4][1] ; romsel       ; romsel      ; 1.000        ; 0.000      ; 7.900      ;
; -9.800 ; r[8][0]   ; r[4][1] ; romsel       ; romsel      ; 1.000        ; 0.000      ; 7.900      ;
; -9.800 ; r[8][2]   ; r[0][1] ; romsel       ; romsel      ; 1.000        ; 0.000      ; 7.900      ;
; -9.800 ; r[8][1]   ; r[0][1] ; romsel       ; romsel      ; 1.000        ; 0.000      ; 7.900      ;
; -9.800 ; r[8][0]   ; r[0][1] ; romsel       ; romsel      ; 1.000        ; 0.000      ; 7.900      ;
; -9.800 ; r[8][1]   ; r[2][2] ; romsel       ; romsel      ; 1.000        ; 0.000      ; 7.900      ;
; -9.800 ; r[8][0]   ; r[2][2] ; romsel       ; romsel      ; 1.000        ; 0.000      ; 7.900      ;
; -9.800 ; r[8][2]   ; r[2][2] ; romsel       ; romsel      ; 1.000        ; 0.000      ; 7.900      ;
; -9.800 ; r[8][2]   ; r[4][2] ; romsel       ; romsel      ; 1.000        ; 0.000      ; 7.900      ;
; -9.800 ; r[8][1]   ; r[4][2] ; romsel       ; romsel      ; 1.000        ; 0.000      ; 7.900      ;
; -9.800 ; r[8][0]   ; r[4][2] ; romsel       ; romsel      ; 1.000        ; 0.000      ; 7.900      ;
; -9.800 ; r[8][2]   ; r[0][2] ; romsel       ; romsel      ; 1.000        ; 0.000      ; 7.900      ;
; -9.800 ; r[8][1]   ; r[0][2] ; romsel       ; romsel      ; 1.000        ; 0.000      ; 7.900      ;
; -9.800 ; r[8][0]   ; r[0][2] ; romsel       ; romsel      ; 1.000        ; 0.000      ; 7.900      ;
; -9.800 ; r[8][1]   ; r[2][3] ; romsel       ; romsel      ; 1.000        ; 0.000      ; 7.900      ;
; -9.800 ; r[8][0]   ; r[2][3] ; romsel       ; romsel      ; 1.000        ; 0.000      ; 7.900      ;
; -9.800 ; r[8][2]   ; r[2][3] ; romsel       ; romsel      ; 1.000        ; 0.000      ; 7.900      ;
; -9.800 ; r[8][2]   ; r[4][3] ; romsel       ; romsel      ; 1.000        ; 0.000      ; 7.900      ;
; -9.800 ; r[8][1]   ; r[4][3] ; romsel       ; romsel      ; 1.000        ; 0.000      ; 7.900      ;
; -9.800 ; r[8][0]   ; r[4][3] ; romsel       ; romsel      ; 1.000        ; 0.000      ; 7.900      ;
; -9.800 ; r[8][2]   ; r[0][3] ; romsel       ; romsel      ; 1.000        ; 0.000      ; 7.900      ;
; -9.800 ; r[8][1]   ; r[0][3] ; romsel       ; romsel      ; 1.000        ; 0.000      ; 7.900      ;
; -9.800 ; r[8][0]   ; r[0][3] ; romsel       ; romsel      ; 1.000        ; 0.000      ; 7.900      ;
; -9.800 ; r[8][1]   ; r[2][4] ; romsel       ; romsel      ; 1.000        ; 0.000      ; 7.900      ;
; -9.800 ; r[8][0]   ; r[2][4] ; romsel       ; romsel      ; 1.000        ; 0.000      ; 7.900      ;
; -9.800 ; r[8][2]   ; r[2][4] ; romsel       ; romsel      ; 1.000        ; 0.000      ; 7.900      ;
; -9.800 ; r[8][2]   ; r[4][4] ; romsel       ; romsel      ; 1.000        ; 0.000      ; 7.900      ;
; -9.800 ; r[8][1]   ; r[4][4] ; romsel       ; romsel      ; 1.000        ; 0.000      ; 7.900      ;
; -9.800 ; r[8][0]   ; r[4][4] ; romsel       ; romsel      ; 1.000        ; 0.000      ; 7.900      ;
; -9.800 ; r[8][2]   ; r[0][4] ; romsel       ; romsel      ; 1.000        ; 0.000      ; 7.900      ;
; -9.800 ; r[8][1]   ; r[0][4] ; romsel       ; romsel      ; 1.000        ; 0.000      ; 7.900      ;
; -9.800 ; r[8][0]   ; r[0][4] ; romsel       ; romsel      ; 1.000        ; 0.000      ; 7.900      ;
; -9.800 ; r[8][1]   ; r[2][5] ; romsel       ; romsel      ; 1.000        ; 0.000      ; 7.900      ;
; -9.800 ; r[8][0]   ; r[2][5] ; romsel       ; romsel      ; 1.000        ; 0.000      ; 7.900      ;
; -9.800 ; r[8][2]   ; r[2][5] ; romsel       ; romsel      ; 1.000        ; 0.000      ; 7.900      ;
; -9.800 ; r[8][2]   ; r[4][5] ; romsel       ; romsel      ; 1.000        ; 0.000      ; 7.900      ;
; -9.800 ; r[8][1]   ; r[4][5] ; romsel       ; romsel      ; 1.000        ; 0.000      ; 7.900      ;
; -9.800 ; r[8][0]   ; r[4][5] ; romsel       ; romsel      ; 1.000        ; 0.000      ; 7.900      ;
; -9.800 ; r[8][2]   ; r[0][5] ; romsel       ; romsel      ; 1.000        ; 0.000      ; 7.900      ;
; -9.800 ; r[8][1]   ; r[0][5] ; romsel       ; romsel      ; 1.000        ; 0.000      ; 7.900      ;
; -9.800 ; r[8][0]   ; r[0][5] ; romsel       ; romsel      ; 1.000        ; 0.000      ; 7.900      ;
; -9.800 ; r[8][1]   ; r[2][6] ; romsel       ; romsel      ; 1.000        ; 0.000      ; 7.900      ;
; -9.800 ; r[8][0]   ; r[2][6] ; romsel       ; romsel      ; 1.000        ; 0.000      ; 7.900      ;
; -9.800 ; r[8][2]   ; r[2][6] ; romsel       ; romsel      ; 1.000        ; 0.000      ; 7.900      ;
; -9.800 ; r[8][2]   ; r[4][6] ; romsel       ; romsel      ; 1.000        ; 0.000      ; 7.900      ;
; -9.800 ; r[8][1]   ; r[4][6] ; romsel       ; romsel      ; 1.000        ; 0.000      ; 7.900      ;
; -9.800 ; r[8][0]   ; r[4][6] ; romsel       ; romsel      ; 1.000        ; 0.000      ; 7.900      ;
; -9.800 ; r[8][2]   ; r[0][6] ; romsel       ; romsel      ; 1.000        ; 0.000      ; 7.900      ;
; -9.800 ; r[8][1]   ; r[0][6] ; romsel       ; romsel      ; 1.000        ; 0.000      ; 7.900      ;
; -9.800 ; r[8][0]   ; r[0][6] ; romsel       ; romsel      ; 1.000        ; 0.000      ; 7.900      ;
; -9.800 ; r[8][1]   ; r[2][7] ; romsel       ; romsel      ; 1.000        ; 0.000      ; 7.900      ;
; -9.800 ; r[8][0]   ; r[2][7] ; romsel       ; romsel      ; 1.000        ; 0.000      ; 7.900      ;
; -9.800 ; r[8][2]   ; r[2][7] ; romsel       ; romsel      ; 1.000        ; 0.000      ; 7.900      ;
; -9.800 ; r[8][2]   ; r[4][7] ; romsel       ; romsel      ; 1.000        ; 0.000      ; 7.900      ;
; -9.800 ; r[8][1]   ; r[4][7] ; romsel       ; romsel      ; 1.000        ; 0.000      ; 7.900      ;
; -9.800 ; r[8][0]   ; r[4][7] ; romsel       ; romsel      ; 1.000        ; 0.000      ; 7.900      ;
; -9.800 ; r[8][2]   ; r[0][7] ; romsel       ; romsel      ; 1.000        ; 0.000      ; 7.900      ;
; -9.800 ; r[8][1]   ; r[0][7] ; romsel       ; romsel      ; 1.000        ; 0.000      ; 7.900      ;
; -9.800 ; r[8][0]   ; r[0][7] ; romsel       ; romsel      ; 1.000        ; 0.000      ; 7.900      ;
; -9.800 ; r[8][1]   ; r[7][0] ; romsel       ; romsel      ; 1.000        ; 0.000      ; 7.900      ;
; -9.800 ; r[8][2]   ; r[7][0] ; romsel       ; romsel      ; 1.000        ; 0.000      ; 7.900      ;
; -9.800 ; r[8][0]   ; r[7][0] ; romsel       ; romsel      ; 1.000        ; 0.000      ; 7.900      ;
; -9.800 ; r[8][1]   ; r[7][1] ; romsel       ; romsel      ; 1.000        ; 0.000      ; 7.900      ;
; -9.800 ; r[8][2]   ; r[7][1] ; romsel       ; romsel      ; 1.000        ; 0.000      ; 7.900      ;
; -9.800 ; r[8][0]   ; r[7][1] ; romsel       ; romsel      ; 1.000        ; 0.000      ; 7.900      ;
; -9.800 ; r[8][1]   ; r[7][2] ; romsel       ; romsel      ; 1.000        ; 0.000      ; 7.900      ;
; -9.800 ; r[8][2]   ; r[7][2] ; romsel       ; romsel      ; 1.000        ; 0.000      ; 7.900      ;
; -9.800 ; r[8][0]   ; r[7][2] ; romsel       ; romsel      ; 1.000        ; 0.000      ; 7.900      ;
; -9.800 ; r[8][1]   ; r[7][3] ; romsel       ; romsel      ; 1.000        ; 0.000      ; 7.900      ;
+--------+-----------+---------+--------------+-------------+--------------+------------+------------+


+------------------------------------------------------------------------------------------------------------------+
; Setup: 'm2'                                                                                                      ;
+--------+-----------------+-----------------+--------------+-------------+--------------+------------+------------+
; Slack  ; From Node       ; To Node         ; Launch Clock ; Latch Clock ; Relationship ; Clock Skew ; Data Delay ;
+--------+-----------------+-----------------+--------------+-------------+--------------+------------+------------+
; -9.200 ; a12_low_time[2] ; a12_low_time[2] ; m2           ; m2          ; 1.000        ; 0.000      ; 7.300      ;
; -9.200 ; a12_low_time[1] ; a12_low_time[1] ; m2           ; m2          ; 1.000        ; 0.000      ; 7.300      ;
; -9.200 ; a12_low_time[2] ; a12_low_time[1] ; m2           ; m2          ; 1.000        ; 0.000      ; 7.300      ;
; -9.200 ; a12_low_time[0] ; a12_low_time[1] ; m2           ; m2          ; 1.000        ; 0.000      ; 7.300      ;
; -9.200 ; a12_low_time[0] ; a12_low_time[0] ; m2           ; m2          ; 1.000        ; 0.000      ; 7.300      ;
; -9.200 ; a12_low_time[2] ; a12_low_time[0] ; m2           ; m2          ; 1.000        ; 0.000      ; 7.300      ;
; -9.200 ; a12_low_time[1] ; a12_low_time[0] ; m2           ; m2          ; 1.000        ; 0.000      ; 7.300      ;
+--------+-----------------+-----------------+--------------+-------------+--------------+------------+------------+


+---------------------------------------------------------------------------------------------------------------------------------------+
; Hold: 'ppu_addr[12]'                                                                                                                  ;
+--------+---------------------------+---------------------------+--------------+--------------+--------------+------------+------------+
; Slack  ; From Node                 ; To Node                   ; Launch Clock ; Latch Clock  ; Relationship ; Clock Skew ; Data Delay ;
+--------+---------------------------+---------------------------+--------------+--------------+--------------+------------+------------+
; 2.700  ; a12_low_time[2]           ; irq_scanline_reload_clear ; m2           ; ppu_addr[12] ; 0.000        ; 3.300      ; 7.300      ;
; 2.700  ; a12_low_time[0]           ; irq_scanline_reload_clear ; m2           ; ppu_addr[12] ; 0.000        ; 3.300      ; 7.300      ;
; 2.700  ; a12_low_time[1]           ; irq_scanline_reload_clear ; m2           ; ppu_addr[12] ; 0.000        ; 3.300      ; 7.300      ;
; 2.700  ; a12_low_time[2]           ; irq_scanline_counter[3]   ; m2           ; ppu_addr[12] ; 0.000        ; 3.300      ; 7.300      ;
; 2.700  ; a12_low_time[0]           ; irq_scanline_counter[3]   ; m2           ; ppu_addr[12] ; 0.000        ; 3.300      ; 7.300      ;
; 2.700  ; a12_low_time[1]           ; irq_scanline_counter[3]   ; m2           ; ppu_addr[12] ; 0.000        ; 3.300      ; 7.300      ;
; 2.700  ; a12_low_time[2]           ; irq_scanline_counter[2]   ; m2           ; ppu_addr[12] ; 0.000        ; 3.300      ; 7.300      ;
; 2.700  ; a12_low_time[0]           ; irq_scanline_counter[2]   ; m2           ; ppu_addr[12] ; 0.000        ; 3.300      ; 7.300      ;
; 2.700  ; a12_low_time[1]           ; irq_scanline_counter[2]   ; m2           ; ppu_addr[12] ; 0.000        ; 3.300      ; 7.300      ;
; 2.700  ; a12_low_time[2]           ; irq_scanline_counter[1]   ; m2           ; ppu_addr[12] ; 0.000        ; 3.300      ; 7.300      ;
; 2.700  ; a12_low_time[0]           ; irq_scanline_counter[1]   ; m2           ; ppu_addr[12] ; 0.000        ; 3.300      ; 7.300      ;
; 2.700  ; a12_low_time[1]           ; irq_scanline_counter[1]   ; m2           ; ppu_addr[12] ; 0.000        ; 3.300      ; 7.300      ;
; 2.700  ; a12_low_time[2]           ; irq_scanline_counter[0]   ; m2           ; ppu_addr[12] ; 0.000        ; 3.300      ; 7.300      ;
; 2.700  ; a12_low_time[0]           ; irq_scanline_counter[0]   ; m2           ; ppu_addr[12] ; 0.000        ; 3.300      ; 7.300      ;
; 2.700  ; a12_low_time[1]           ; irq_scanline_counter[0]   ; m2           ; ppu_addr[12] ; 0.000        ; 3.300      ; 7.300      ;
; 2.700  ; a12_low_time[2]           ; irq_scanline_counter[7]   ; m2           ; ppu_addr[12] ; 0.000        ; 3.300      ; 7.300      ;
; 2.700  ; a12_low_time[0]           ; irq_scanline_counter[7]   ; m2           ; ppu_addr[12] ; 0.000        ; 3.300      ; 7.300      ;
; 2.700  ; a12_low_time[1]           ; irq_scanline_counter[7]   ; m2           ; ppu_addr[12] ; 0.000        ; 3.300      ; 7.300      ;
; 2.700  ; a12_low_time[2]           ; irq_scanline_counter[6]   ; m2           ; ppu_addr[12] ; 0.000        ; 3.300      ; 7.300      ;
; 2.700  ; a12_low_time[0]           ; irq_scanline_counter[6]   ; m2           ; ppu_addr[12] ; 0.000        ; 3.300      ; 7.300      ;
; 2.700  ; a12_low_time[1]           ; irq_scanline_counter[6]   ; m2           ; ppu_addr[12] ; 0.000        ; 3.300      ; 7.300      ;
; 2.700  ; a12_low_time[2]           ; irq_scanline_counter[5]   ; m2           ; ppu_addr[12] ; 0.000        ; 3.300      ; 7.300      ;
; 2.700  ; a12_low_time[0]           ; irq_scanline_counter[5]   ; m2           ; ppu_addr[12] ; 0.000        ; 3.300      ; 7.300      ;
; 2.700  ; a12_low_time[1]           ; irq_scanline_counter[5]   ; m2           ; ppu_addr[12] ; 0.000        ; 3.300      ; 7.300      ;
; 2.700  ; a12_low_time[2]           ; irq_scanline_counter[4]   ; m2           ; ppu_addr[12] ; 0.000        ; 3.300      ; 7.300      ;
; 2.700  ; a12_low_time[0]           ; irq_scanline_counter[4]   ; m2           ; ppu_addr[12] ; 0.000        ; 3.300      ; 7.300      ;
; 2.700  ; a12_low_time[1]           ; irq_scanline_counter[4]   ; m2           ; ppu_addr[12] ; 0.000        ; 3.300      ; 7.300      ;
; 2.700  ; a12_low_time[2]           ; irq_scanline_value        ; m2           ; ppu_addr[12] ; 0.000        ; 3.300      ; 7.300      ;
; 2.700  ; a12_low_time[0]           ; irq_scanline_value        ; m2           ; ppu_addr[12] ; 0.000        ; 3.300      ; 7.300      ;
; 2.700  ; a12_low_time[1]           ; irq_scanline_value        ; m2           ; ppu_addr[12] ; 0.000        ; 3.300      ; 7.300      ;
; 6.000  ; irq_scanline_counter[3]   ; irq_scanline_counter[3]   ; ppu_addr[12] ; ppu_addr[12] ; 0.000        ; 0.000      ; 7.300      ;
; 6.000  ; irq_scanline_counter[2]   ; irq_scanline_counter[3]   ; ppu_addr[12] ; ppu_addr[12] ; 0.000        ; 0.000      ; 7.300      ;
; 6.000  ; irq_scanline_counter[1]   ; irq_scanline_counter[3]   ; ppu_addr[12] ; ppu_addr[12] ; 0.000        ; 0.000      ; 7.300      ;
; 6.000  ; irq_scanline_counter[0]   ; irq_scanline_counter[3]   ; ppu_addr[12] ; ppu_addr[12] ; 0.000        ; 0.000      ; 7.300      ;
; 6.000  ; irq_scanline_counter[2]   ; irq_scanline_counter[2]   ; ppu_addr[12] ; ppu_addr[12] ; 0.000        ; 0.000      ; 7.300      ;
; 6.000  ; irq_scanline_counter[1]   ; irq_scanline_counter[2]   ; ppu_addr[12] ; ppu_addr[12] ; 0.000        ; 0.000      ; 7.300      ;
; 6.000  ; irq_scanline_counter[0]   ; irq_scanline_counter[2]   ; ppu_addr[12] ; ppu_addr[12] ; 0.000        ; 0.000      ; 7.300      ;
; 6.000  ; irq_scanline_counter[1]   ; irq_scanline_counter[1]   ; ppu_addr[12] ; ppu_addr[12] ; 0.000        ; 0.000      ; 7.300      ;
; 6.000  ; irq_scanline_counter[0]   ; irq_scanline_counter[1]   ; ppu_addr[12] ; ppu_addr[12] ; 0.000        ; 0.000      ; 7.300      ;
; 6.000  ; irq_scanline_counter[0]   ; irq_scanline_counter[0]   ; ppu_addr[12] ; ppu_addr[12] ; 0.000        ; 0.000      ; 7.300      ;
; 6.000  ; irq_scanline_counter[7]   ; irq_scanline_counter[7]   ; ppu_addr[12] ; ppu_addr[12] ; 0.000        ; 0.000      ; 7.300      ;
; 6.000  ; irq_scanline_counter[3]   ; irq_scanline_counter[7]   ; ppu_addr[12] ; ppu_addr[12] ; 0.000        ; 0.000      ; 7.300      ;
; 6.000  ; irq_scanline_counter[2]   ; irq_scanline_counter[7]   ; ppu_addr[12] ; ppu_addr[12] ; 0.000        ; 0.000      ; 7.300      ;
; 6.000  ; irq_scanline_counter[1]   ; irq_scanline_counter[7]   ; ppu_addr[12] ; ppu_addr[12] ; 0.000        ; 0.000      ; 7.300      ;
; 6.000  ; irq_scanline_counter[0]   ; irq_scanline_counter[7]   ; ppu_addr[12] ; ppu_addr[12] ; 0.000        ; 0.000      ; 7.300      ;
; 6.000  ; irq_scanline_counter[6]   ; irq_scanline_counter[7]   ; ppu_addr[12] ; ppu_addr[12] ; 0.000        ; 0.000      ; 7.300      ;
; 6.000  ; irq_scanline_counter[5]   ; irq_scanline_counter[7]   ; ppu_addr[12] ; ppu_addr[12] ; 0.000        ; 0.000      ; 7.300      ;
; 6.000  ; irq_scanline_counter[4]   ; irq_scanline_counter[7]   ; ppu_addr[12] ; ppu_addr[12] ; 0.000        ; 0.000      ; 7.300      ;
; 6.000  ; irq_scanline_counter[6]   ; irq_scanline_counter[6]   ; ppu_addr[12] ; ppu_addr[12] ; 0.000        ; 0.000      ; 7.300      ;
; 6.000  ; irq_scanline_counter[3]   ; irq_scanline_counter[6]   ; ppu_addr[12] ; ppu_addr[12] ; 0.000        ; 0.000      ; 7.300      ;
; 6.000  ; irq_scanline_counter[2]   ; irq_scanline_counter[6]   ; ppu_addr[12] ; ppu_addr[12] ; 0.000        ; 0.000      ; 7.300      ;
; 6.000  ; irq_scanline_counter[1]   ; irq_scanline_counter[6]   ; ppu_addr[12] ; ppu_addr[12] ; 0.000        ; 0.000      ; 7.300      ;
; 6.000  ; irq_scanline_counter[0]   ; irq_scanline_counter[6]   ; ppu_addr[12] ; ppu_addr[12] ; 0.000        ; 0.000      ; 7.300      ;
; 6.000  ; irq_scanline_counter[5]   ; irq_scanline_counter[6]   ; ppu_addr[12] ; ppu_addr[12] ; 0.000        ; 0.000      ; 7.300      ;
; 6.000  ; irq_scanline_counter[4]   ; irq_scanline_counter[6]   ; ppu_addr[12] ; ppu_addr[12] ; 0.000        ; 0.000      ; 7.300      ;
; 6.000  ; irq_scanline_counter[5]   ; irq_scanline_counter[5]   ; ppu_addr[12] ; ppu_addr[12] ; 0.000        ; 0.000      ; 7.300      ;
; 6.000  ; irq_scanline_counter[4]   ; irq_scanline_counter[5]   ; ppu_addr[12] ; ppu_addr[12] ; 0.000        ; 0.000      ; 7.300      ;
; 6.000  ; irq_scanline_counter[3]   ; irq_scanline_counter[5]   ; ppu_addr[12] ; ppu_addr[12] ; 0.000        ; 0.000      ; 7.300      ;
; 6.000  ; irq_scanline_counter[2]   ; irq_scanline_counter[5]   ; ppu_addr[12] ; ppu_addr[12] ; 0.000        ; 0.000      ; 7.300      ;
; 6.000  ; irq_scanline_counter[1]   ; irq_scanline_counter[5]   ; ppu_addr[12] ; ppu_addr[12] ; 0.000        ; 0.000      ; 7.300      ;
; 6.000  ; irq_scanline_counter[0]   ; irq_scanline_counter[5]   ; ppu_addr[12] ; ppu_addr[12] ; 0.000        ; 0.000      ; 7.300      ;
; 6.000  ; irq_scanline_counter[4]   ; irq_scanline_counter[4]   ; ppu_addr[12] ; ppu_addr[12] ; 0.000        ; 0.000      ; 7.300      ;
; 6.000  ; irq_scanline_counter[3]   ; irq_scanline_counter[4]   ; ppu_addr[12] ; ppu_addr[12] ; 0.000        ; 0.000      ; 7.300      ;
; 6.000  ; irq_scanline_counter[2]   ; irq_scanline_counter[4]   ; ppu_addr[12] ; ppu_addr[12] ; 0.000        ; 0.000      ; 7.300      ;
; 6.000  ; irq_scanline_counter[1]   ; irq_scanline_counter[4]   ; ppu_addr[12] ; ppu_addr[12] ; 0.000        ; 0.000      ; 7.300      ;
; 6.000  ; irq_scanline_counter[0]   ; irq_scanline_counter[4]   ; ppu_addr[12] ; ppu_addr[12] ; 0.000        ; 0.000      ; 7.300      ;
; 6.000  ; irq_scanline_counter[4]   ; irq_scanline_value        ; ppu_addr[12] ; ppu_addr[12] ; 0.000        ; 0.000      ; 7.300      ;
; 6.000  ; irq_scanline_counter[0]   ; irq_scanline_value        ; ppu_addr[12] ; ppu_addr[12] ; 0.000        ; 0.000      ; 7.300      ;
; 6.000  ; irq_scanline_counter[7]   ; irq_scanline_value        ; ppu_addr[12] ; ppu_addr[12] ; 0.000        ; 0.000      ; 7.300      ;
; 6.000  ; irq_scanline_counter[6]   ; irq_scanline_value        ; ppu_addr[12] ; ppu_addr[12] ; 0.000        ; 0.000      ; 7.300      ;
; 6.000  ; irq_scanline_counter[5]   ; irq_scanline_value        ; ppu_addr[12] ; ppu_addr[12] ; 0.000        ; 0.000      ; 7.300      ;
; 6.000  ; irq_scanline_counter[1]   ; irq_scanline_value        ; ppu_addr[12] ; ppu_addr[12] ; 0.000        ; 0.000      ; 7.300      ;
; 6.000  ; irq_scanline_counter[3]   ; irq_scanline_value        ; ppu_addr[12] ; ppu_addr[12] ; 0.000        ; 0.000      ; 7.300      ;
; 6.000  ; irq_scanline_counter[2]   ; irq_scanline_value        ; ppu_addr[12] ; ppu_addr[12] ; 0.000        ; 0.000      ; 7.300      ;
; 6.000  ; irq_scanline_value        ; irq_scanline_value        ; ppu_addr[12] ; ppu_addr[12] ; 0.000        ; 0.000      ; 7.300      ;
; 6.100  ; irq_scanline_reload_clear ; irq_scanline_reload_clear ; ppu_addr[12] ; ppu_addr[12] ; 0.000        ; 0.000      ; 7.400      ;
; 6.200  ; irq_scanline_reload       ; irq_scanline_reload_clear ; romsel       ; ppu_addr[12] ; 0.000        ; -0.100     ; 7.400      ;
; 6.200  ; r[9][3]                   ; irq_scanline_counter[3]   ; romsel       ; ppu_addr[12] ; 0.000        ; -0.100     ; 7.400      ;
; 6.200  ; r[9][2]                   ; irq_scanline_counter[2]   ; romsel       ; ppu_addr[12] ; 0.000        ; -0.100     ; 7.400      ;
; 6.200  ; r[9][1]                   ; irq_scanline_counter[1]   ; romsel       ; ppu_addr[12] ; 0.000        ; -0.100     ; 7.400      ;
; 6.200  ; r[9][0]                   ; irq_scanline_counter[0]   ; romsel       ; ppu_addr[12] ; 0.000        ; -0.100     ; 7.400      ;
; 6.200  ; r[9][7]                   ; irq_scanline_counter[7]   ; romsel       ; ppu_addr[12] ; 0.000        ; -0.100     ; 7.400      ;
; 6.200  ; r[9][6]                   ; irq_scanline_counter[6]   ; romsel       ; ppu_addr[12] ; 0.000        ; -0.100     ; 7.400      ;
; 6.200  ; r[9][5]                   ; irq_scanline_counter[5]   ; romsel       ; ppu_addr[12] ; 0.000        ; -0.100     ; 7.400      ;
; 6.200  ; r[9][4]                   ; irq_scanline_counter[4]   ; romsel       ; ppu_addr[12] ; 0.000        ; -0.100     ; 7.400      ;
; 6.200  ; irq_scanline_enabled      ; irq_scanline_value        ; romsel       ; ppu_addr[12] ; 0.000        ; -0.100     ; 7.400      ;
; 6.200  ; r[9][7]                   ; irq_scanline_value        ; romsel       ; ppu_addr[12] ; 0.000        ; -0.100     ; 7.400      ;
; 6.200  ; r[9][4]                   ; irq_scanline_value        ; romsel       ; ppu_addr[12] ; 0.000        ; -0.100     ; 7.400      ;
; 6.200  ; r[9][6]                   ; irq_scanline_value        ; romsel       ; ppu_addr[12] ; 0.000        ; -0.100     ; 7.400      ;
; 6.200  ; r[9][5]                   ; irq_scanline_value        ; romsel       ; ppu_addr[12] ; 0.000        ; -0.100     ; 7.400      ;
; 6.200  ; r[9][1]                   ; irq_scanline_value        ; romsel       ; ppu_addr[12] ; 0.000        ; -0.100     ; 7.400      ;
; 6.200  ; r[9][3]                   ; irq_scanline_value        ; romsel       ; ppu_addr[12] ; 0.000        ; -0.100     ; 7.400      ;
; 6.200  ; r[9][0]                   ; irq_scanline_value        ; romsel       ; ppu_addr[12] ; 0.000        ; -0.100     ; 7.400      ;
; 6.200  ; r[9][2]                   ; irq_scanline_value        ; romsel       ; ppu_addr[12] ; 0.000        ; -0.100     ; 7.400      ;
; 13.000 ; irq_scanline_counter[3]   ; irq_scanline_counter[2]   ; ppu_addr[12] ; ppu_addr[12] ; 0.000        ; 0.000      ; 14.300     ;
; 13.000 ; irq_scanline_counter[3]   ; irq_scanline_counter[1]   ; ppu_addr[12] ; ppu_addr[12] ; 0.000        ; 0.000      ; 14.300     ;
; 13.000 ; irq_scanline_counter[3]   ; irq_scanline_counter[0]   ; ppu_addr[12] ; ppu_addr[12] ; 0.000        ; 0.000      ; 14.300     ;
; 13.000 ; irq_scanline_counter[7]   ; irq_scanline_counter[3]   ; ppu_addr[12] ; ppu_addr[12] ; 0.000        ; 0.000      ; 14.300     ;
; 13.000 ; irq_scanline_counter[6]   ; irq_scanline_counter[3]   ; ppu_addr[12] ; ppu_addr[12] ; 0.000        ; 0.000      ; 14.300     ;
; 13.000 ; irq_scanline_counter[5]   ; irq_scanline_counter[3]   ; ppu_addr[12] ; ppu_addr[12] ; 0.000        ; 0.000      ; 14.300     ;
+--------+---------------------------+---------------------------+--------------+--------------+--------------+------------+------------+


+-----------------------------------------------------------------------------------------------------------------+
; Hold: 'm2'                                                                                                      ;
+-------+-----------------+-----------------+--------------+-------------+--------------+------------+------------+
; Slack ; From Node       ; To Node         ; Launch Clock ; Latch Clock ; Relationship ; Clock Skew ; Data Delay ;
+-------+-----------------+-----------------+--------------+-------------+--------------+------------+------------+
; 6.000 ; a12_low_time[2] ; a12_low_time[2] ; m2           ; m2          ; 0.000        ; 0.000      ; 7.300      ;
; 6.000 ; a12_low_time[1] ; a12_low_time[1] ; m2           ; m2          ; 0.000        ; 0.000      ; 7.300      ;
; 6.000 ; a12_low_time[2] ; a12_low_time[1] ; m2           ; m2          ; 0.000        ; 0.000      ; 7.300      ;
; 6.000 ; a12_low_time[0] ; a12_low_time[1] ; m2           ; m2          ; 0.000        ; 0.000      ; 7.300      ;
; 6.000 ; a12_low_time[0] ; a12_low_time[0] ; m2           ; m2          ; 0.000        ; 0.000      ; 7.300      ;
; 6.000 ; a12_low_time[2] ; a12_low_time[0] ; m2           ; m2          ; 0.000        ; 0.000      ; 7.300      ;
; 6.000 ; a12_low_time[1] ; a12_low_time[0] ; m2           ; m2          ; 0.000        ; 0.000      ; 7.300      ;
+-------+-----------------+-----------------+--------------+-------------+--------------+------------+------------+


+--------------------------------------------------------------------------------------------------------------------------------+
; Hold: 'romsel'                                                                                                                 ;
+-------+---------------------------+----------------------+--------------+-------------+--------------+------------+------------+
; Slack ; From Node                 ; To Node              ; Launch Clock ; Latch Clock ; Relationship ; Clock Skew ; Data Delay ;
+-------+---------------------------+----------------------+--------------+-------------+--------------+------------+------------+
; 6.000 ; r[8][3]                   ; r[8][3]              ; romsel       ; romsel      ; 0.000        ; 0.000      ; 7.300      ;
; 6.000 ; r[8][4]                   ; r[8][4]              ; romsel       ; romsel      ; 0.000        ; 0.000      ; 7.300      ;
; 6.000 ; r[8][5]                   ; r[8][5]              ; romsel       ; romsel      ; 0.000        ; 0.000      ; 7.300      ;
; 6.000 ; r[8][2]                   ; r[8][2]              ; romsel       ; romsel      ; 0.000        ; 0.000      ; 7.300      ;
; 6.000 ; r[8][1]                   ; r[8][1]              ; romsel       ; romsel      ; 0.000        ; 0.000      ; 7.300      ;
; 6.000 ; r[8][0]                   ; r[8][0]              ; romsel       ; romsel      ; 0.000        ; 0.000      ; 7.300      ;
; 6.000 ; irq_scanline_enabled      ; irq_scanline_enabled ; romsel       ; romsel      ; 0.000        ; 0.000      ; 7.300      ;
; 6.000 ; r[9][7]                   ; r[9][7]              ; romsel       ; romsel      ; 0.000        ; 0.000      ; 7.300      ;
; 6.000 ; r[9][6]                   ; r[9][6]              ; romsel       ; romsel      ; 0.000        ; 0.000      ; 7.300      ;
; 6.000 ; r[9][5]                   ; r[9][5]              ; romsel       ; romsel      ; 0.000        ; 0.000      ; 7.300      ;
; 6.000 ; r[9][4]                   ; r[9][4]              ; romsel       ; romsel      ; 0.000        ; 0.000      ; 7.300      ;
; 6.000 ; r[9][3]                   ; r[9][3]              ; romsel       ; romsel      ; 0.000        ; 0.000      ; 7.300      ;
; 6.000 ; r[9][2]                   ; r[9][2]              ; romsel       ; romsel      ; 0.000        ; 0.000      ; 7.300      ;
; 6.000 ; r[9][1]                   ; r[9][1]              ; romsel       ; romsel      ; 0.000        ; 0.000      ; 7.300      ;
; 6.000 ; r[9][0]                   ; r[9][0]              ; romsel       ; romsel      ; 0.000        ; 0.000      ; 7.300      ;
; 6.000 ; r[6][0]                   ; r[6][0]              ; romsel       ; romsel      ; 0.000        ; 0.000      ; 7.300      ;
; 6.000 ; r[6][1]                   ; r[6][1]              ; romsel       ; romsel      ; 0.000        ; 0.000      ; 7.300      ;
; 6.000 ; r[6][2]                   ; r[6][2]              ; romsel       ; romsel      ; 0.000        ; 0.000      ; 7.300      ;
; 6.000 ; r[6][3]                   ; r[6][3]              ; romsel       ; romsel      ; 0.000        ; 0.000      ; 7.300      ;
; 6.000 ; r[6][4]                   ; r[6][4]              ; romsel       ; romsel      ; 0.000        ; 0.000      ; 7.300      ;
; 6.000 ; r[6][5]                   ; r[6][5]              ; romsel       ; romsel      ; 0.000        ; 0.000      ; 7.300      ;
; 6.000 ; r[2][0]                   ; r[2][0]              ; romsel       ; romsel      ; 0.000        ; 0.000      ; 7.300      ;
; 6.000 ; r[4][0]                   ; r[4][0]              ; romsel       ; romsel      ; 0.000        ; 0.000      ; 7.300      ;
; 6.000 ; r[2][1]                   ; r[2][1]              ; romsel       ; romsel      ; 0.000        ; 0.000      ; 7.300      ;
; 6.000 ; r[4][1]                   ; r[4][1]              ; romsel       ; romsel      ; 0.000        ; 0.000      ; 7.300      ;
; 6.000 ; r[0][1]                   ; r[0][1]              ; romsel       ; romsel      ; 0.000        ; 0.000      ; 7.300      ;
; 6.000 ; r[2][2]                   ; r[2][2]              ; romsel       ; romsel      ; 0.000        ; 0.000      ; 7.300      ;
; 6.000 ; r[4][2]                   ; r[4][2]              ; romsel       ; romsel      ; 0.000        ; 0.000      ; 7.300      ;
; 6.000 ; r[0][2]                   ; r[0][2]              ; romsel       ; romsel      ; 0.000        ; 0.000      ; 7.300      ;
; 6.000 ; r[2][3]                   ; r[2][3]              ; romsel       ; romsel      ; 0.000        ; 0.000      ; 7.300      ;
; 6.000 ; r[4][3]                   ; r[4][3]              ; romsel       ; romsel      ; 0.000        ; 0.000      ; 7.300      ;
; 6.000 ; r[0][3]                   ; r[0][3]              ; romsel       ; romsel      ; 0.000        ; 0.000      ; 7.300      ;
; 6.000 ; r[2][4]                   ; r[2][4]              ; romsel       ; romsel      ; 0.000        ; 0.000      ; 7.300      ;
; 6.000 ; r[4][4]                   ; r[4][4]              ; romsel       ; romsel      ; 0.000        ; 0.000      ; 7.300      ;
; 6.000 ; r[0][4]                   ; r[0][4]              ; romsel       ; romsel      ; 0.000        ; 0.000      ; 7.300      ;
; 6.000 ; r[2][5]                   ; r[2][5]              ; romsel       ; romsel      ; 0.000        ; 0.000      ; 7.300      ;
; 6.000 ; r[4][5]                   ; r[4][5]              ; romsel       ; romsel      ; 0.000        ; 0.000      ; 7.300      ;
; 6.000 ; r[0][5]                   ; r[0][5]              ; romsel       ; romsel      ; 0.000        ; 0.000      ; 7.300      ;
; 6.000 ; r[2][6]                   ; r[2][6]              ; romsel       ; romsel      ; 0.000        ; 0.000      ; 7.300      ;
; 6.000 ; r[4][6]                   ; r[4][6]              ; romsel       ; romsel      ; 0.000        ; 0.000      ; 7.300      ;
; 6.000 ; r[0][6]                   ; r[0][6]              ; romsel       ; romsel      ; 0.000        ; 0.000      ; 7.300      ;
; 6.000 ; r[2][7]                   ; r[2][7]              ; romsel       ; romsel      ; 0.000        ; 0.000      ; 7.300      ;
; 6.000 ; r[4][7]                   ; r[4][7]              ; romsel       ; romsel      ; 0.000        ; 0.000      ; 7.300      ;
; 6.000 ; r[0][7]                   ; r[0][7]              ; romsel       ; romsel      ; 0.000        ; 0.000      ; 7.300      ;
; 6.000 ; r[7][0]                   ; r[7][0]              ; romsel       ; romsel      ; 0.000        ; 0.000      ; 7.300      ;
; 6.000 ; r[7][1]                   ; r[7][1]              ; romsel       ; romsel      ; 0.000        ; 0.000      ; 7.300      ;
; 6.000 ; r[7][2]                   ; r[7][2]              ; romsel       ; romsel      ; 0.000        ; 0.000      ; 7.300      ;
; 6.000 ; r[7][3]                   ; r[7][3]              ; romsel       ; romsel      ; 0.000        ; 0.000      ; 7.300      ;
; 6.000 ; r[7][4]                   ; r[7][4]              ; romsel       ; romsel      ; 0.000        ; 0.000      ; 7.300      ;
; 6.000 ; r[7][5]                   ; r[7][5]              ; romsel       ; romsel      ; 0.000        ; 0.000      ; 7.300      ;
; 6.000 ; r[3][0]                   ; r[3][0]              ; romsel       ; romsel      ; 0.000        ; 0.000      ; 7.300      ;
; 6.000 ; r[5][0]                   ; r[5][0]              ; romsel       ; romsel      ; 0.000        ; 0.000      ; 7.300      ;
; 6.000 ; r[5][1]                   ; r[5][1]              ; romsel       ; romsel      ; 0.000        ; 0.000      ; 7.300      ;
; 6.000 ; r[3][1]                   ; r[3][1]              ; romsel       ; romsel      ; 0.000        ; 0.000      ; 7.300      ;
; 6.000 ; r[1][1]                   ; r[1][1]              ; romsel       ; romsel      ; 0.000        ; 0.000      ; 7.300      ;
; 6.000 ; r[5][2]                   ; r[5][2]              ; romsel       ; romsel      ; 0.000        ; 0.000      ; 7.300      ;
; 6.000 ; r[3][2]                   ; r[3][2]              ; romsel       ; romsel      ; 0.000        ; 0.000      ; 7.300      ;
; 6.000 ; r[1][2]                   ; r[1][2]              ; romsel       ; romsel      ; 0.000        ; 0.000      ; 7.300      ;
; 6.000 ; r[5][3]                   ; r[5][3]              ; romsel       ; romsel      ; 0.000        ; 0.000      ; 7.300      ;
; 6.000 ; r[3][3]                   ; r[3][3]              ; romsel       ; romsel      ; 0.000        ; 0.000      ; 7.300      ;
; 6.000 ; r[1][3]                   ; r[1][3]              ; romsel       ; romsel      ; 0.000        ; 0.000      ; 7.300      ;
; 6.000 ; r[5][4]                   ; r[5][4]              ; romsel       ; romsel      ; 0.000        ; 0.000      ; 7.300      ;
; 6.000 ; r[3][4]                   ; r[3][4]              ; romsel       ; romsel      ; 0.000        ; 0.000      ; 7.300      ;
; 6.000 ; r[1][4]                   ; r[1][4]              ; romsel       ; romsel      ; 0.000        ; 0.000      ; 7.300      ;
; 6.000 ; r[5][5]                   ; r[5][5]              ; romsel       ; romsel      ; 0.000        ; 0.000      ; 7.300      ;
; 6.000 ; r[3][5]                   ; r[3][5]              ; romsel       ; romsel      ; 0.000        ; 0.000      ; 7.300      ;
; 6.000 ; r[1][5]                   ; r[1][5]              ; romsel       ; romsel      ; 0.000        ; 0.000      ; 7.300      ;
; 6.000 ; r[3][6]                   ; r[3][6]              ; romsel       ; romsel      ; 0.000        ; 0.000      ; 7.300      ;
; 6.000 ; r[5][6]                   ; r[5][6]              ; romsel       ; romsel      ; 0.000        ; 0.000      ; 7.300      ;
; 6.000 ; r[1][6]                   ; r[1][6]              ; romsel       ; romsel      ; 0.000        ; 0.000      ; 7.300      ;
; 6.000 ; r[5][7]                   ; r[5][7]              ; romsel       ; romsel      ; 0.000        ; 0.000      ; 7.300      ;
; 6.000 ; r[3][7]                   ; r[3][7]              ; romsel       ; romsel      ; 0.000        ; 0.000      ; 7.300      ;
; 6.000 ; r[1][7]                   ; r[1][7]              ; romsel       ; romsel      ; 0.000        ; 0.000      ; 7.300      ;
; 6.000 ; irq_scanline_reload_clear ; irq_scanline_reload  ; ppu_addr[12] ; romsel      ; 0.000        ; 0.100      ; 7.400      ;
; 6.100 ; irq_scanline_reload       ; irq_scanline_reload  ; romsel       ; romsel      ; 0.000        ; 0.000      ; 7.400      ;
; 6.600 ; r[8][2]                   ; r[6][0]              ; romsel       ; romsel      ; 0.000        ; 0.000      ; 7.900      ;
; 6.600 ; r[8][1]                   ; r[6][0]              ; romsel       ; romsel      ; 0.000        ; 0.000      ; 7.900      ;
; 6.600 ; r[8][0]                   ; r[6][0]              ; romsel       ; romsel      ; 0.000        ; 0.000      ; 7.900      ;
; 6.600 ; r[8][2]                   ; r[6][1]              ; romsel       ; romsel      ; 0.000        ; 0.000      ; 7.900      ;
; 6.600 ; r[8][1]                   ; r[6][1]              ; romsel       ; romsel      ; 0.000        ; 0.000      ; 7.900      ;
; 6.600 ; r[8][0]                   ; r[6][1]              ; romsel       ; romsel      ; 0.000        ; 0.000      ; 7.900      ;
; 6.600 ; r[8][2]                   ; r[6][2]              ; romsel       ; romsel      ; 0.000        ; 0.000      ; 7.900      ;
; 6.600 ; r[8][1]                   ; r[6][2]              ; romsel       ; romsel      ; 0.000        ; 0.000      ; 7.900      ;
; 6.600 ; r[8][0]                   ; r[6][2]              ; romsel       ; romsel      ; 0.000        ; 0.000      ; 7.900      ;
; 6.600 ; r[8][2]                   ; r[6][3]              ; romsel       ; romsel      ; 0.000        ; 0.000      ; 7.900      ;
; 6.600 ; r[8][1]                   ; r[6][3]              ; romsel       ; romsel      ; 0.000        ; 0.000      ; 7.900      ;
; 6.600 ; r[8][0]                   ; r[6][3]              ; romsel       ; romsel      ; 0.000        ; 0.000      ; 7.900      ;
; 6.600 ; r[8][2]                   ; r[6][4]              ; romsel       ; romsel      ; 0.000        ; 0.000      ; 7.900      ;
; 6.600 ; r[8][1]                   ; r[6][4]              ; romsel       ; romsel      ; 0.000        ; 0.000      ; 7.900      ;
; 6.600 ; r[8][0]                   ; r[6][4]              ; romsel       ; romsel      ; 0.000        ; 0.000      ; 7.900      ;
; 6.600 ; r[8][2]                   ; r[6][5]              ; romsel       ; romsel      ; 0.000        ; 0.000      ; 7.900      ;
; 6.600 ; r[8][1]                   ; r[6][5]              ; romsel       ; romsel      ; 0.000        ; 0.000      ; 7.900      ;
; 6.600 ; r[8][0]                   ; r[6][5]              ; romsel       ; romsel      ; 0.000        ; 0.000      ; 7.900      ;
; 6.600 ; r[8][1]                   ; r[2][0]              ; romsel       ; romsel      ; 0.000        ; 0.000      ; 7.900      ;
; 6.600 ; r[8][0]                   ; r[2][0]              ; romsel       ; romsel      ; 0.000        ; 0.000      ; 7.900      ;
; 6.600 ; r[8][2]                   ; r[2][0]              ; romsel       ; romsel      ; 0.000        ; 0.000      ; 7.900      ;
; 6.600 ; r[8][2]                   ; r[4][0]              ; romsel       ; romsel      ; 0.000        ; 0.000      ; 7.900      ;
; 6.600 ; r[8][1]                   ; r[4][0]              ; romsel       ; romsel      ; 0.000        ; 0.000      ; 7.900      ;
; 6.600 ; r[8][0]                   ; r[4][0]              ; romsel       ; romsel      ; 0.000        ; 0.000      ; 7.900      ;
; 6.600 ; r[8][1]                   ; r[2][1]              ; romsel       ; romsel      ; 0.000        ; 0.000      ; 7.900      ;
+-------+---------------------------+----------------------+--------------+-------------+--------------+------------+------------+


+---------------------------------------------------------------------------------------------------------------+
; Recovery: 'm2'                                                                                                ;
+--------+--------------+-----------------+--------------+-------------+--------------+------------+------------+
; Slack  ; From Node    ; To Node         ; Launch Clock ; Latch Clock ; Relationship ; Clock Skew ; Data Delay ;
+--------+--------------+-----------------+--------------+-------------+--------------+------------+------------+
; -7.500 ; ppu_addr[12] ; a12_low_time[2] ; ppu_addr[12] ; m2          ; 0.500        ; 3.400      ; 8.500      ;
; -7.500 ; ppu_addr[12] ; a12_low_time[1] ; ppu_addr[12] ; m2          ; 0.500        ; 3.400      ; 8.500      ;
; -7.500 ; ppu_addr[12] ; a12_low_time[0] ; ppu_addr[12] ; m2          ; 0.500        ; 3.400      ; 8.500      ;
; -7.000 ; ppu_addr[12] ; a12_low_time[2] ; ppu_addr[12] ; m2          ; 1.000        ; 3.400      ; 8.500      ;
; -7.000 ; ppu_addr[12] ; a12_low_time[1] ; ppu_addr[12] ; m2          ; 1.000        ; 3.400      ; 8.500      ;
; -7.000 ; ppu_addr[12] ; a12_low_time[0] ; ppu_addr[12] ; m2          ; 1.000        ; 3.400      ; 8.500      ;
+--------+--------------+-----------------+--------------+-------------+--------------+------------+------------+


+--------------------------------------------------------------------------------------------------------------+
; Removal: 'm2'                                                                                                ;
+-------+--------------+-----------------+--------------+-------------+--------------+------------+------------+
; Slack ; From Node    ; To Node         ; Launch Clock ; Latch Clock ; Relationship ; Clock Skew ; Data Delay ;
+-------+--------------+-----------------+--------------+-------------+--------------+------------+------------+
; 3.800 ; ppu_addr[12] ; a12_low_time[2] ; ppu_addr[12] ; m2          ; 0.000        ; 3.400      ; 8.500      ;
; 3.800 ; ppu_addr[12] ; a12_low_time[1] ; ppu_addr[12] ; m2          ; 0.000        ; 3.400      ; 8.500      ;
; 3.800 ; ppu_addr[12] ; a12_low_time[0] ; ppu_addr[12] ; m2          ; 0.000        ; 3.400      ; 8.500      ;
; 4.300 ; ppu_addr[12] ; a12_low_time[2] ; ppu_addr[12] ; m2          ; -0.500       ; 3.400      ; 8.500      ;
; 4.300 ; ppu_addr[12] ; a12_low_time[1] ; ppu_addr[12] ; m2          ; -0.500       ; 3.400      ; 8.500      ;
; 4.300 ; ppu_addr[12] ; a12_low_time[0] ; ppu_addr[12] ; m2          ; -0.500       ; 3.400      ; 8.500      ;
+-------+--------------+-----------------+--------------+-------------+--------------+------------+------------+


+--------------------------------------------------------------------------------------------------------+
; Minimum Pulse Width: 'romsel'                                                                          ;
+--------+--------------+----------------+------------------+--------+------------+----------------------+
; Slack  ; Actual Width ; Required Width ; Type             ; Clock  ; Clock Edge ; Target               ;
+--------+--------------+----------------+------------------+--------+------------+----------------------+
; -3.500 ; 0.500        ; 4.000          ; High Pulse Width ; romsel ; Rise       ; irq_scanline_enabled ;
; -3.500 ; 0.500        ; 4.000          ; Low Pulse Width  ; romsel ; Rise       ; irq_scanline_enabled ;
; -3.500 ; 0.500        ; 4.000          ; High Pulse Width ; romsel ; Rise       ; irq_scanline_reload  ;
; -3.500 ; 0.500        ; 4.000          ; Low Pulse Width  ; romsel ; Rise       ; irq_scanline_reload  ;
; -3.500 ; 0.500        ; 4.000          ; High Pulse Width ; romsel ; Rise       ; r[0][1]              ;
; -3.500 ; 0.500        ; 4.000          ; Low Pulse Width  ; romsel ; Rise       ; r[0][1]              ;
; -3.500 ; 0.500        ; 4.000          ; High Pulse Width ; romsel ; Rise       ; r[0][2]              ;
; -3.500 ; 0.500        ; 4.000          ; Low Pulse Width  ; romsel ; Rise       ; r[0][2]              ;
; -3.500 ; 0.500        ; 4.000          ; High Pulse Width ; romsel ; Rise       ; r[0][3]              ;
; -3.500 ; 0.500        ; 4.000          ; Low Pulse Width  ; romsel ; Rise       ; r[0][3]              ;
; -3.500 ; 0.500        ; 4.000          ; High Pulse Width ; romsel ; Rise       ; r[0][4]              ;
; -3.500 ; 0.500        ; 4.000          ; Low Pulse Width  ; romsel ; Rise       ; r[0][4]              ;
; -3.500 ; 0.500        ; 4.000          ; High Pulse Width ; romsel ; Rise       ; r[0][5]              ;
; -3.500 ; 0.500        ; 4.000          ; Low Pulse Width  ; romsel ; Rise       ; r[0][5]              ;
; -3.500 ; 0.500        ; 4.000          ; High Pulse Width ; romsel ; Rise       ; r[0][6]              ;
; -3.500 ; 0.500        ; 4.000          ; Low Pulse Width  ; romsel ; Rise       ; r[0][6]              ;
; -3.500 ; 0.500        ; 4.000          ; High Pulse Width ; romsel ; Rise       ; r[0][7]              ;
; -3.500 ; 0.500        ; 4.000          ; Low Pulse Width  ; romsel ; Rise       ; r[0][7]              ;
; -3.500 ; 0.500        ; 4.000          ; High Pulse Width ; romsel ; Rise       ; r[1][1]              ;
; -3.500 ; 0.500        ; 4.000          ; Low Pulse Width  ; romsel ; Rise       ; r[1][1]              ;
; -3.500 ; 0.500        ; 4.000          ; High Pulse Width ; romsel ; Rise       ; r[1][2]              ;
; -3.500 ; 0.500        ; 4.000          ; Low Pulse Width  ; romsel ; Rise       ; r[1][2]              ;
; -3.500 ; 0.500        ; 4.000          ; High Pulse Width ; romsel ; Rise       ; r[1][3]              ;
; -3.500 ; 0.500        ; 4.000          ; Low Pulse Width  ; romsel ; Rise       ; r[1][3]              ;
; -3.500 ; 0.500        ; 4.000          ; High Pulse Width ; romsel ; Rise       ; r[1][4]              ;
; -3.500 ; 0.500        ; 4.000          ; Low Pulse Width  ; romsel ; Rise       ; r[1][4]              ;
; -3.500 ; 0.500        ; 4.000          ; High Pulse Width ; romsel ; Rise       ; r[1][5]              ;
; -3.500 ; 0.500        ; 4.000          ; Low Pulse Width  ; romsel ; Rise       ; r[1][5]              ;
; -3.500 ; 0.500        ; 4.000          ; High Pulse Width ; romsel ; Rise       ; r[1][6]              ;
; -3.500 ; 0.500        ; 4.000          ; Low Pulse Width  ; romsel ; Rise       ; r[1][6]              ;
; -3.500 ; 0.500        ; 4.000          ; High Pulse Width ; romsel ; Rise       ; r[1][7]              ;
; -3.500 ; 0.500        ; 4.000          ; Low Pulse Width  ; romsel ; Rise       ; r[1][7]              ;
; -3.500 ; 0.500        ; 4.000          ; High Pulse Width ; romsel ; Rise       ; r[2][0]              ;
; -3.500 ; 0.500        ; 4.000          ; Low Pulse Width  ; romsel ; Rise       ; r[2][0]              ;
; -3.500 ; 0.500        ; 4.000          ; High Pulse Width ; romsel ; Rise       ; r[2][1]              ;
; -3.500 ; 0.500        ; 4.000          ; Low Pulse Width  ; romsel ; Rise       ; r[2][1]              ;
; -3.500 ; 0.500        ; 4.000          ; High Pulse Width ; romsel ; Rise       ; r[2][2]              ;
; -3.500 ; 0.500        ; 4.000          ; Low Pulse Width  ; romsel ; Rise       ; r[2][2]              ;
; -3.500 ; 0.500        ; 4.000          ; High Pulse Width ; romsel ; Rise       ; r[2][3]              ;
; -3.500 ; 0.500        ; 4.000          ; Low Pulse Width  ; romsel ; Rise       ; r[2][3]              ;
; -3.500 ; 0.500        ; 4.000          ; High Pulse Width ; romsel ; Rise       ; r[2][4]              ;
; -3.500 ; 0.500        ; 4.000          ; Low Pulse Width  ; romsel ; Rise       ; r[2][4]              ;
; -3.500 ; 0.500        ; 4.000          ; High Pulse Width ; romsel ; Rise       ; r[2][5]              ;
; -3.500 ; 0.500        ; 4.000          ; Low Pulse Width  ; romsel ; Rise       ; r[2][5]              ;
; -3.500 ; 0.500        ; 4.000          ; High Pulse Width ; romsel ; Rise       ; r[2][6]              ;
; -3.500 ; 0.500        ; 4.000          ; Low Pulse Width  ; romsel ; Rise       ; r[2][6]              ;
; -3.500 ; 0.500        ; 4.000          ; High Pulse Width ; romsel ; Rise       ; r[2][7]              ;
; -3.500 ; 0.500        ; 4.000          ; Low Pulse Width  ; romsel ; Rise       ; r[2][7]              ;
; -3.500 ; 0.500        ; 4.000          ; High Pulse Width ; romsel ; Rise       ; r[3][0]              ;
; -3.500 ; 0.500        ; 4.000          ; Low Pulse Width  ; romsel ; Rise       ; r[3][0]              ;
; -3.500 ; 0.500        ; 4.000          ; High Pulse Width ; romsel ; Rise       ; r[3][1]              ;
; -3.500 ; 0.500        ; 4.000          ; Low Pulse Width  ; romsel ; Rise       ; r[3][1]              ;
; -3.500 ; 0.500        ; 4.000          ; High Pulse Width ; romsel ; Rise       ; r[3][2]              ;
; -3.500 ; 0.500        ; 4.000          ; Low Pulse Width  ; romsel ; Rise       ; r[3][2]              ;
; -3.500 ; 0.500        ; 4.000          ; High Pulse Width ; romsel ; Rise       ; r[3][3]              ;
; -3.500 ; 0.500        ; 4.000          ; Low Pulse Width  ; romsel ; Rise       ; r[3][3]              ;
; -3.500 ; 0.500        ; 4.000          ; High Pulse Width ; romsel ; Rise       ; r[3][4]              ;
; -3.500 ; 0.500        ; 4.000          ; Low Pulse Width  ; romsel ; Rise       ; r[3][4]              ;
; -3.500 ; 0.500        ; 4.000          ; High Pulse Width ; romsel ; Rise       ; r[3][5]              ;
; -3.500 ; 0.500        ; 4.000          ; Low Pulse Width  ; romsel ; Rise       ; r[3][5]              ;
; -3.500 ; 0.500        ; 4.000          ; High Pulse Width ; romsel ; Rise       ; r[3][6]              ;
; -3.500 ; 0.500        ; 4.000          ; Low Pulse Width  ; romsel ; Rise       ; r[3][6]              ;
; -3.500 ; 0.500        ; 4.000          ; High Pulse Width ; romsel ; Rise       ; r[3][7]              ;
; -3.500 ; 0.500        ; 4.000          ; Low Pulse Width  ; romsel ; Rise       ; r[3][7]              ;
; -3.500 ; 0.500        ; 4.000          ; High Pulse Width ; romsel ; Rise       ; r[4][0]              ;
; -3.500 ; 0.500        ; 4.000          ; Low Pulse Width  ; romsel ; Rise       ; r[4][0]              ;
; -3.500 ; 0.500        ; 4.000          ; High Pulse Width ; romsel ; Rise       ; r[4][1]              ;
; -3.500 ; 0.500        ; 4.000          ; Low Pulse Width  ; romsel ; Rise       ; r[4][1]              ;
; -3.500 ; 0.500        ; 4.000          ; High Pulse Width ; romsel ; Rise       ; r[4][2]              ;
; -3.500 ; 0.500        ; 4.000          ; Low Pulse Width  ; romsel ; Rise       ; r[4][2]              ;
; -3.500 ; 0.500        ; 4.000          ; High Pulse Width ; romsel ; Rise       ; r[4][3]              ;
; -3.500 ; 0.500        ; 4.000          ; Low Pulse Width  ; romsel ; Rise       ; r[4][3]              ;
; -3.500 ; 0.500        ; 4.000          ; High Pulse Width ; romsel ; Rise       ; r[4][4]              ;
; -3.500 ; 0.500        ; 4.000          ; Low Pulse Width  ; romsel ; Rise       ; r[4][4]              ;
; -3.500 ; 0.500        ; 4.000          ; High Pulse Width ; romsel ; Rise       ; r[4][5]              ;
; -3.500 ; 0.500        ; 4.000          ; Low Pulse Width  ; romsel ; Rise       ; r[4][5]              ;
; -3.500 ; 0.500        ; 4.000          ; High Pulse Width ; romsel ; Rise       ; r[4][6]              ;
; -3.500 ; 0.500        ; 4.000          ; Low Pulse Width  ; romsel ; Rise       ; r[4][6]              ;
; -3.500 ; 0.500        ; 4.000          ; High Pulse Width ; romsel ; Rise       ; r[4][7]              ;
; -3.500 ; 0.500        ; 4.000          ; Low Pulse Width  ; romsel ; Rise       ; r[4][7]              ;
; -3.500 ; 0.500        ; 4.000          ; High Pulse Width ; romsel ; Rise       ; r[5][0]              ;
; -3.500 ; 0.500        ; 4.000          ; Low Pulse Width  ; romsel ; Rise       ; r[5][0]              ;
; -3.500 ; 0.500        ; 4.000          ; High Pulse Width ; romsel ; Rise       ; r[5][1]              ;
; -3.500 ; 0.500        ; 4.000          ; Low Pulse Width  ; romsel ; Rise       ; r[5][1]              ;
; -3.500 ; 0.500        ; 4.000          ; High Pulse Width ; romsel ; Rise       ; r[5][2]              ;
; -3.500 ; 0.500        ; 4.000          ; Low Pulse Width  ; romsel ; Rise       ; r[5][2]              ;
; -3.500 ; 0.500        ; 4.000          ; High Pulse Width ; romsel ; Rise       ; r[5][3]              ;
; -3.500 ; 0.500        ; 4.000          ; Low Pulse Width  ; romsel ; Rise       ; r[5][3]              ;
; -3.500 ; 0.500        ; 4.000          ; High Pulse Width ; romsel ; Rise       ; r[5][4]              ;
; -3.500 ; 0.500        ; 4.000          ; Low Pulse Width  ; romsel ; Rise       ; r[5][4]              ;
; -3.500 ; 0.500        ; 4.000          ; High Pulse Width ; romsel ; Rise       ; r[5][5]              ;
; -3.500 ; 0.500        ; 4.000          ; Low Pulse Width  ; romsel ; Rise       ; r[5][5]              ;
; -3.500 ; 0.500        ; 4.000          ; High Pulse Width ; romsel ; Rise       ; r[5][6]              ;
; -3.500 ; 0.500        ; 4.000          ; Low Pulse Width  ; romsel ; Rise       ; r[5][6]              ;
; -3.500 ; 0.500        ; 4.000          ; High Pulse Width ; romsel ; Rise       ; r[5][7]              ;
; -3.500 ; 0.500        ; 4.000          ; Low Pulse Width  ; romsel ; Rise       ; r[5][7]              ;
; -3.500 ; 0.500        ; 4.000          ; High Pulse Width ; romsel ; Rise       ; r[6][0]              ;
; -3.500 ; 0.500        ; 4.000          ; Low Pulse Width  ; romsel ; Rise       ; r[6][0]              ;
; -3.500 ; 0.500        ; 4.000          ; High Pulse Width ; romsel ; Rise       ; r[6][1]              ;
; -3.500 ; 0.500        ; 4.000          ; Low Pulse Width  ; romsel ; Rise       ; r[6][1]              ;
+--------+--------------+----------------+------------------+--------+------------+----------------------+


+-----------------------------------------------------------------------------------------------------------------------+
; Minimum Pulse Width: 'ppu_addr[12]'                                                                                   ;
+--------+--------------+----------------+------------------+--------------+------------+-------------------------------+
; Slack  ; Actual Width ; Required Width ; Type             ; Clock        ; Clock Edge ; Target                        ;
+--------+--------------+----------------+------------------+--------------+------------+-------------------------------+
; -3.500 ; 0.500        ; 4.000          ; High Pulse Width ; ppu_addr[12] ; Rise       ; irq_scanline_counter[0]       ;
; -3.500 ; 0.500        ; 4.000          ; Low Pulse Width  ; ppu_addr[12] ; Rise       ; irq_scanline_counter[0]       ;
; -3.500 ; 0.500        ; 4.000          ; High Pulse Width ; ppu_addr[12] ; Rise       ; irq_scanline_counter[1]       ;
; -3.500 ; 0.500        ; 4.000          ; Low Pulse Width  ; ppu_addr[12] ; Rise       ; irq_scanline_counter[1]       ;
; -3.500 ; 0.500        ; 4.000          ; High Pulse Width ; ppu_addr[12] ; Rise       ; irq_scanline_counter[2]       ;
; -3.500 ; 0.500        ; 4.000          ; Low Pulse Width  ; ppu_addr[12] ; Rise       ; irq_scanline_counter[2]       ;
; -3.500 ; 0.500        ; 4.000          ; High Pulse Width ; ppu_addr[12] ; Rise       ; irq_scanline_counter[3]       ;
; -3.500 ; 0.500        ; 4.000          ; Low Pulse Width  ; ppu_addr[12] ; Rise       ; irq_scanline_counter[3]       ;
; -3.500 ; 0.500        ; 4.000          ; High Pulse Width ; ppu_addr[12] ; Rise       ; irq_scanline_counter[4]       ;
; -3.500 ; 0.500        ; 4.000          ; Low Pulse Width  ; ppu_addr[12] ; Rise       ; irq_scanline_counter[4]       ;
; -3.500 ; 0.500        ; 4.000          ; High Pulse Width ; ppu_addr[12] ; Rise       ; irq_scanline_counter[5]       ;
; -3.500 ; 0.500        ; 4.000          ; Low Pulse Width  ; ppu_addr[12] ; Rise       ; irq_scanline_counter[5]       ;
; -3.500 ; 0.500        ; 4.000          ; High Pulse Width ; ppu_addr[12] ; Rise       ; irq_scanline_counter[6]       ;
; -3.500 ; 0.500        ; 4.000          ; Low Pulse Width  ; ppu_addr[12] ; Rise       ; irq_scanline_counter[6]       ;
; -3.500 ; 0.500        ; 4.000          ; High Pulse Width ; ppu_addr[12] ; Rise       ; irq_scanline_counter[7]       ;
; -3.500 ; 0.500        ; 4.000          ; Low Pulse Width  ; ppu_addr[12] ; Rise       ; irq_scanline_counter[7]       ;
; -3.500 ; 0.500        ; 4.000          ; High Pulse Width ; ppu_addr[12] ; Rise       ; irq_scanline_reload_clear     ;
; -3.500 ; 0.500        ; 4.000          ; Low Pulse Width  ; ppu_addr[12] ; Rise       ; irq_scanline_reload_clear     ;
; -3.500 ; 0.500        ; 4.000          ; High Pulse Width ; ppu_addr[12] ; Rise       ; irq_scanline_value            ;
; -3.500 ; 0.500        ; 4.000          ; Low Pulse Width  ; ppu_addr[12] ; Rise       ; irq_scanline_value            ;
; 0.500  ; 0.500        ; 0.000          ; High Pulse Width ; ppu_addr[12] ; Rise       ; irq_scanline_counter[0]|[3]   ;
; 0.500  ; 0.500        ; 0.000          ; Low Pulse Width  ; ppu_addr[12] ; Rise       ; irq_scanline_counter[0]|[3]   ;
; 0.500  ; 0.500        ; 0.000          ; High Pulse Width ; ppu_addr[12] ; Rise       ; irq_scanline_counter[1]|[4]   ;
; 0.500  ; 0.500        ; 0.000          ; Low Pulse Width  ; ppu_addr[12] ; Rise       ; irq_scanline_counter[1]|[4]   ;
; 0.500  ; 0.500        ; 0.000          ; High Pulse Width ; ppu_addr[12] ; Rise       ; irq_scanline_counter[2]|[5]   ;
; 0.500  ; 0.500        ; 0.000          ; Low Pulse Width  ; ppu_addr[12] ; Rise       ; irq_scanline_counter[2]|[5]   ;
; 0.500  ; 0.500        ; 0.000          ; High Pulse Width ; ppu_addr[12] ; Rise       ; irq_scanline_counter[3]|[6]   ;
; 0.500  ; 0.500        ; 0.000          ; Low Pulse Width  ; ppu_addr[12] ; Rise       ; irq_scanline_counter[3]|[6]   ;
; 0.500  ; 0.500        ; 0.000          ; High Pulse Width ; ppu_addr[12] ; Rise       ; irq_scanline_counter[4]|[7]   ;
; 0.500  ; 0.500        ; 0.000          ; Low Pulse Width  ; ppu_addr[12] ; Rise       ; irq_scanline_counter[4]|[7]   ;
; 0.500  ; 0.500        ; 0.000          ; High Pulse Width ; ppu_addr[12] ; Rise       ; irq_scanline_counter[5]|[8]   ;
; 0.500  ; 0.500        ; 0.000          ; Low Pulse Width  ; ppu_addr[12] ; Rise       ; irq_scanline_counter[5]|[8]   ;
; 0.500  ; 0.500        ; 0.000          ; High Pulse Width ; ppu_addr[12] ; Rise       ; irq_scanline_counter[6]|[9]   ;
; 0.500  ; 0.500        ; 0.000          ; Low Pulse Width  ; ppu_addr[12] ; Rise       ; irq_scanline_counter[6]|[9]   ;
; 0.500  ; 0.500        ; 0.000          ; High Pulse Width ; ppu_addr[12] ; Rise       ; irq_scanline_counter[7]|[10]  ;
; 0.500  ; 0.500        ; 0.000          ; Low Pulse Width  ; ppu_addr[12] ; Rise       ; irq_scanline_counter[7]|[10]  ;
; 0.500  ; 0.500        ; 0.000          ; High Pulse Width ; ppu_addr[12] ; Rise       ; irq_scanline_reload_clear|[2] ;
; 0.500  ; 0.500        ; 0.000          ; Low Pulse Width  ; ppu_addr[12] ; Rise       ; irq_scanline_reload_clear|[2] ;
; 0.500  ; 0.500        ; 0.000          ; High Pulse Width ; ppu_addr[12] ; Rise       ; irq_scanline_value|[19]       ;
; 0.500  ; 0.500        ; 0.000          ; Low Pulse Width  ; ppu_addr[12] ; Rise       ; irq_scanline_value|[19]       ;
; 0.500  ; 0.500        ; 0.000          ; High Pulse Width ; ppu_addr[12] ; Rise       ; ppu_addr[12]|dataout          ;
; 0.500  ; 0.500        ; 0.000          ; Low Pulse Width  ; ppu_addr[12] ; Rise       ; ppu_addr[12]|dataout          ;
+--------+--------------+----------------+------------------+--------------+------------+-------------------------------+


+------------------------------------------------------------------------------------------------------+
; Minimum Pulse Width: 'm2'                                                                            ;
+--------+--------------+----------------+------------------+-------+------------+---------------------+
; Slack  ; Actual Width ; Required Width ; Type             ; Clock ; Clock Edge ; Target              ;
+--------+--------------+----------------+------------------+-------+------------+---------------------+
; -3.500 ; 0.500        ; 4.000          ; High Pulse Width ; m2    ; Rise       ; a12_low_time[0]     ;
; -3.500 ; 0.500        ; 4.000          ; Low Pulse Width  ; m2    ; Rise       ; a12_low_time[0]     ;
; -3.500 ; 0.500        ; 4.000          ; High Pulse Width ; m2    ; Rise       ; a12_low_time[1]     ;
; -3.500 ; 0.500        ; 4.000          ; Low Pulse Width  ; m2    ; Rise       ; a12_low_time[1]     ;
; -3.500 ; 0.500        ; 4.000          ; High Pulse Width ; m2    ; Rise       ; a12_low_time[2]     ;
; -3.500 ; 0.500        ; 4.000          ; Low Pulse Width  ; m2    ; Rise       ; a12_low_time[2]     ;
; 0.500  ; 0.500        ; 0.000          ; High Pulse Width ; m2    ; Rise       ; a12_low_time[0]|clk ;
; 0.500  ; 0.500        ; 0.000          ; Low Pulse Width  ; m2    ; Rise       ; a12_low_time[0]|clk ;
; 0.500  ; 0.500        ; 0.000          ; High Pulse Width ; m2    ; Rise       ; a12_low_time[1]|clk ;
; 0.500  ; 0.500        ; 0.000          ; Low Pulse Width  ; m2    ; Rise       ; a12_low_time[1]|clk ;
; 0.500  ; 0.500        ; 0.000          ; High Pulse Width ; m2    ; Rise       ; a12_low_time[2]|clk ;
; 0.500  ; 0.500        ; 0.000          ; Low Pulse Width  ; m2    ; Rise       ; a12_low_time[2]|clk ;
; 0.500  ; 0.500        ; 0.000          ; High Pulse Width ; m2    ; Rise       ; m2|dataout          ;
; 0.500  ; 0.500        ; 0.000          ; Low Pulse Width  ; m2    ; Rise       ; m2|dataout          ;
+--------+--------------+----------------+------------------+-------+------------+---------------------+


+---------------------------------------------------------------------------+
; Setup Times                                                               ;
+---------------+------------+-------+-------+------------+-----------------+
; Data Port     ; Clock Port ; Rise  ; Fall  ; Clock Edge ; Clock Reference ;
+---------------+------------+-------+-------+------------+-----------------+
; cpu_addr[*]   ; romsel     ; 3.800 ; 3.800 ; Rise       ; romsel          ;
;  cpu_addr[0]  ; romsel     ; 3.800 ; 3.800 ; Rise       ; romsel          ;
;  cpu_addr[13] ; romsel     ; 3.800 ; 3.800 ; Rise       ; romsel          ;
;  cpu_addr[14] ; romsel     ; 3.800 ; 3.800 ; Rise       ; romsel          ;
; cpu_data[*]   ; romsel     ; 3.400 ; 3.400 ; Rise       ; romsel          ;
;  cpu_data[0]  ; romsel     ; 3.400 ; 3.400 ; Rise       ; romsel          ;
;  cpu_data[1]  ; romsel     ; 3.300 ; 3.300 ; Rise       ; romsel          ;
;  cpu_data[2]  ; romsel     ; 3.300 ; 3.300 ; Rise       ; romsel          ;
;  cpu_data[3]  ; romsel     ; 3.300 ; 3.300 ; Rise       ; romsel          ;
;  cpu_data[4]  ; romsel     ; 3.300 ; 3.300 ; Rise       ; romsel          ;
;  cpu_data[5]  ; romsel     ; 3.300 ; 3.300 ; Rise       ; romsel          ;
;  cpu_data[6]  ; romsel     ; 3.300 ; 3.300 ; Rise       ; romsel          ;
;  cpu_data[7]  ; romsel     ; 3.200 ; 3.200 ; Rise       ; romsel          ;
; cpu_rw        ; romsel     ; 3.800 ; 3.800 ; Rise       ; romsel          ;
+---------------+------------+-------+-------+------------+-----------------+


+---------------------------------------------------------------------------+
; Hold Times                                                                ;
+---------------+------------+-------+-------+------------+-----------------+
; Data Port     ; Clock Port ; Rise  ; Fall  ; Clock Edge ; Clock Reference ;
+---------------+------------+-------+-------+------------+-----------------+
; cpu_addr[*]   ; romsel     ; 0.400 ; 0.400 ; Rise       ; romsel          ;
;  cpu_addr[0]  ; romsel     ; 0.400 ; 0.400 ; Rise       ; romsel          ;
;  cpu_addr[13] ; romsel     ; 0.400 ; 0.400 ; Rise       ; romsel          ;
;  cpu_addr[14] ; romsel     ; 0.400 ; 0.400 ; Rise       ; romsel          ;
; cpu_data[*]   ; romsel     ; 1.000 ; 1.000 ; Rise       ; romsel          ;
;  cpu_data[0]  ; romsel     ; 0.800 ; 0.800 ; Rise       ; romsel          ;
;  cpu_data[1]  ; romsel     ; 0.900 ; 0.900 ; Rise       ; romsel          ;
;  cpu_data[2]  ; romsel     ; 0.900 ; 0.900 ; Rise       ; romsel          ;
;  cpu_data[3]  ; romsel     ; 0.900 ; 0.900 ; Rise       ; romsel          ;
;  cpu_data[4]  ; romsel     ; 0.900 ; 0.900 ; Rise       ; romsel          ;
;  cpu_data[5]  ; romsel     ; 0.900 ; 0.900 ; Rise       ; romsel          ;
;  cpu_data[6]  ; romsel     ; 0.900 ; 0.900 ; Rise       ; romsel          ;
;  cpu_data[7]  ; romsel     ; 1.000 ; 1.000 ; Rise       ; romsel          ;
; cpu_rw        ; romsel     ; 0.400 ; 0.400 ; Rise       ; romsel          ;
+---------------+------------+-------+-------+------------+-----------------+


+-------------------------------------------------------------------------------+
; Clock to Output Times                                                         ;
+---------------+--------------+--------+--------+------------+-----------------+
; Data Port     ; Clock Port   ; Rise   ; Fall   ; Clock Edge ; Clock Reference ;
+---------------+--------------+--------+--------+------------+-----------------+
; chr_addr[*]   ; ppu_addr[12] ; 18.400 ; 18.400 ; Rise       ; ppu_addr[12]    ;
;  chr_addr[10] ; ppu_addr[12] ; 11.400 ; 11.400 ; Rise       ; ppu_addr[12]    ;
;  chr_addr[11] ; ppu_addr[12] ; 12.300 ; 12.300 ; Rise       ; ppu_addr[12]    ;
;  chr_addr[12] ; ppu_addr[12] ; 12.300 ; 12.300 ; Rise       ; ppu_addr[12]    ;
;  chr_addr[13] ; ppu_addr[12] ; 18.400 ; 18.400 ; Rise       ; ppu_addr[12]    ;
;  chr_addr[14] ; ppu_addr[12] ; 17.500 ; 17.500 ; Rise       ; ppu_addr[12]    ;
;  chr_addr[15] ; ppu_addr[12] ; 12.300 ; 12.300 ; Rise       ; ppu_addr[12]    ;
;  chr_addr[16] ; ppu_addr[12] ; 17.500 ; 17.500 ; Rise       ; ppu_addr[12]    ;
;  chr_addr[17] ; ppu_addr[12] ; 17.500 ; 17.500 ; Rise       ; ppu_addr[12]    ;
; irq           ; ppu_addr[12] ; 23.900 ; 23.900 ; Rise       ; ppu_addr[12]    ;
; chr_addr[*]   ; ppu_addr[12] ; 18.400 ; 18.400 ; Fall       ; ppu_addr[12]    ;
;  chr_addr[10] ; ppu_addr[12] ; 11.400 ; 11.400 ; Fall       ; ppu_addr[12]    ;
;  chr_addr[11] ; ppu_addr[12] ; 12.300 ; 12.300 ; Fall       ; ppu_addr[12]    ;
;  chr_addr[12] ; ppu_addr[12] ; 12.300 ; 12.300 ; Fall       ; ppu_addr[12]    ;
;  chr_addr[13] ; ppu_addr[12] ; 18.400 ; 18.400 ; Fall       ; ppu_addr[12]    ;
;  chr_addr[14] ; ppu_addr[12] ; 17.500 ; 17.500 ; Fall       ; ppu_addr[12]    ;
;  chr_addr[15] ; ppu_addr[12] ; 12.300 ; 12.300 ; Fall       ; ppu_addr[12]    ;
;  chr_addr[16] ; ppu_addr[12] ; 17.500 ; 17.500 ; Fall       ; ppu_addr[12]    ;
;  chr_addr[17] ; ppu_addr[12] ; 17.500 ; 17.500 ; Fall       ; ppu_addr[12]    ;
; chr_addr[*]   ; romsel       ; 25.300 ; 25.300 ; Rise       ; romsel          ;
;  chr_addr[10] ; romsel       ; 18.300 ; 18.300 ; Rise       ; romsel          ;
;  chr_addr[11] ; romsel       ; 19.200 ; 19.200 ; Rise       ; romsel          ;
;  chr_addr[12] ; romsel       ; 19.200 ; 19.200 ; Rise       ; romsel          ;
;  chr_addr[13] ; romsel       ; 25.300 ; 25.300 ; Rise       ; romsel          ;
;  chr_addr[14] ; romsel       ; 24.400 ; 24.400 ; Rise       ; romsel          ;
;  chr_addr[15] ; romsel       ; 19.200 ; 19.200 ; Rise       ; romsel          ;
;  chr_addr[16] ; romsel       ; 24.400 ; 24.400 ; Rise       ; romsel          ;
;  chr_addr[17] ; romsel       ; 24.400 ; 24.400 ; Rise       ; romsel          ;
; ciram_a10     ; romsel       ; 17.000 ; 17.000 ; Rise       ; romsel          ;
; irq           ; romsel       ; 24.100 ; 24.100 ; Rise       ; romsel          ;
; prg_addr[*]   ; romsel       ; 17.100 ; 17.100 ; Rise       ; romsel          ;
;  prg_addr[13] ; romsel       ; 17.100 ; 17.100 ; Rise       ; romsel          ;
;  prg_addr[14] ; romsel       ; 17.100 ; 17.100 ; Rise       ; romsel          ;
;  prg_addr[15] ; romsel       ; 17.100 ; 17.100 ; Rise       ; romsel          ;
;  prg_addr[16] ; romsel       ; 17.100 ; 17.100 ; Rise       ; romsel          ;
;  prg_addr[17] ; romsel       ; 17.100 ; 17.100 ; Rise       ; romsel          ;
;  prg_addr[18] ; romsel       ; 17.100 ; 17.100 ; Rise       ; romsel          ;
; prg_ce        ; romsel       ; 10.600 ; 10.600 ; Rise       ; romsel          ;
; prg_oe        ; romsel       ; 10.600 ; 10.600 ; Rise       ; romsel          ;
; prg_we        ; romsel       ; 10.600 ; 10.600 ; Rise       ; romsel          ;
; prg_ce        ; romsel       ; 10.600 ; 10.600 ; Fall       ; romsel          ;
; prg_oe        ; romsel       ; 10.600 ; 10.600 ; Fall       ; romsel          ;
; prg_we        ; romsel       ; 10.600 ; 10.600 ; Fall       ; romsel          ;
+---------------+--------------+--------+--------+------------+-----------------+


+-------------------------------------------------------------------------------+
; Minimum Clock to Output Times                                                 ;
+---------------+--------------+--------+--------+------------+-----------------+
; Data Port     ; Clock Port   ; Rise   ; Fall   ; Clock Edge ; Clock Reference ;
+---------------+--------------+--------+--------+------------+-----------------+
; chr_addr[*]   ; ppu_addr[12] ; 10.500 ; 10.500 ; Rise       ; ppu_addr[12]    ;
;  chr_addr[10] ; ppu_addr[12] ; 10.500 ; 10.500 ; Rise       ; ppu_addr[12]    ;
;  chr_addr[11] ; ppu_addr[12] ; 10.500 ; 10.500 ; Rise       ; ppu_addr[12]    ;
;  chr_addr[12] ; ppu_addr[12] ; 10.500 ; 10.500 ; Rise       ; ppu_addr[12]    ;
;  chr_addr[13] ; ppu_addr[12] ; 10.500 ; 10.500 ; Rise       ; ppu_addr[12]    ;
;  chr_addr[14] ; ppu_addr[12] ; 10.500 ; 10.500 ; Rise       ; ppu_addr[12]    ;
;  chr_addr[15] ; ppu_addr[12] ; 10.500 ; 10.500 ; Rise       ; ppu_addr[12]    ;
;  chr_addr[16] ; ppu_addr[12] ; 10.500 ; 10.500 ; Rise       ; ppu_addr[12]    ;
;  chr_addr[17] ; ppu_addr[12] ; 10.500 ; 10.500 ; Rise       ; ppu_addr[12]    ;
; irq           ; ppu_addr[12] ; 16.900 ; 16.900 ; Rise       ; ppu_addr[12]    ;
; chr_addr[*]   ; ppu_addr[12] ; 10.500 ; 10.500 ; Fall       ; ppu_addr[12]    ;
;  chr_addr[10] ; ppu_addr[12] ; 10.500 ; 10.500 ; Fall       ; ppu_addr[12]    ;
;  chr_addr[11] ; ppu_addr[12] ; 10.500 ; 10.500 ; Fall       ; ppu_addr[12]    ;
;  chr_addr[12] ; ppu_addr[12] ; 10.500 ; 10.500 ; Fall       ; ppu_addr[12]    ;
;  chr_addr[13] ; ppu_addr[12] ; 10.500 ; 10.500 ; Fall       ; ppu_addr[12]    ;
;  chr_addr[14] ; ppu_addr[12] ; 10.500 ; 10.500 ; Fall       ; ppu_addr[12]    ;
;  chr_addr[15] ; ppu_addr[12] ; 10.500 ; 10.500 ; Fall       ; ppu_addr[12]    ;
;  chr_addr[16] ; ppu_addr[12] ; 10.500 ; 10.500 ; Fall       ; ppu_addr[12]    ;
;  chr_addr[17] ; ppu_addr[12] ; 10.500 ; 10.500 ; Fall       ; ppu_addr[12]    ;
; chr_addr[*]   ; romsel       ; 17.000 ; 17.000 ; Rise       ; romsel          ;
;  chr_addr[10] ; romsel       ; 17.100 ; 17.100 ; Rise       ; romsel          ;
;  chr_addr[11] ; romsel       ; 17.000 ; 17.000 ; Rise       ; romsel          ;
;  chr_addr[12] ; romsel       ; 17.000 ; 17.000 ; Rise       ; romsel          ;
;  chr_addr[13] ; romsel       ; 17.100 ; 17.100 ; Rise       ; romsel          ;
;  chr_addr[14] ; romsel       ; 17.100 ; 17.100 ; Rise       ; romsel          ;
;  chr_addr[15] ; romsel       ; 17.100 ; 17.100 ; Rise       ; romsel          ;
;  chr_addr[16] ; romsel       ; 17.100 ; 17.100 ; Rise       ; romsel          ;
;  chr_addr[17] ; romsel       ; 17.100 ; 17.100 ; Rise       ; romsel          ;
; ciram_a10     ; romsel       ; 17.000 ; 17.000 ; Rise       ; romsel          ;
; irq           ; romsel       ; 17.100 ; 17.100 ; Rise       ; romsel          ;
; prg_addr[*]   ; romsel       ; 17.000 ; 17.000 ; Rise       ; romsel          ;
;  prg_addr[13] ; romsel       ; 17.000 ; 17.000 ; Rise       ; romsel          ;
;  prg_addr[14] ; romsel       ; 17.000 ; 17.000 ; Rise       ; romsel          ;
;  prg_addr[15] ; romsel       ; 17.000 ; 17.000 ; Rise       ; romsel          ;
;  prg_addr[16] ; romsel       ; 17.000 ; 17.000 ; Rise       ; romsel          ;
;  prg_addr[17] ; romsel       ; 17.000 ; 17.000 ; Rise       ; romsel          ;
;  prg_addr[18] ; romsel       ; 17.000 ; 17.000 ; Rise       ; romsel          ;
; prg_ce        ; romsel       ; 10.600 ; 10.600 ; Rise       ; romsel          ;
; prg_oe        ; romsel       ; 10.600 ; 10.600 ; Rise       ; romsel          ;
; prg_we        ; romsel       ; 10.600 ; 10.600 ; Rise       ; romsel          ;
; prg_ce        ; romsel       ; 10.600 ; 10.600 ; Fall       ; romsel          ;
; prg_oe        ; romsel       ; 10.600 ; 10.600 ; Fall       ; romsel          ;
; prg_we        ; romsel       ; 10.600 ; 10.600 ; Fall       ; romsel          ;
+---------------+--------------+--------+--------+------------+-----------------+


+-----------------------------------------------------------------+
; Propagation Delay                                               ;
+--------------+--------------+--------+--------+--------+--------+
; Input Port   ; Output Port  ; RR     ; RF     ; FR     ; FF     ;
+--------------+--------------+--------+--------+--------+--------+
; cpu_addr[13] ; prg_addr[13] ; 10.600 ; 10.600 ; 10.600 ; 10.600 ;
; cpu_addr[13] ; prg_addr[14] ; 10.600 ; 10.600 ; 10.600 ; 10.600 ;
; cpu_addr[13] ; prg_addr[15] ; 10.600 ; 10.600 ; 10.600 ; 10.600 ;
; cpu_addr[13] ; prg_addr[16] ; 10.600 ; 10.600 ; 10.600 ; 10.600 ;
; cpu_addr[13] ; prg_addr[17] ; 10.600 ; 10.600 ; 10.600 ; 10.600 ;
; cpu_addr[13] ; prg_addr[18] ; 10.600 ; 10.600 ; 10.600 ; 10.600 ;
; cpu_addr[14] ; prg_addr[13] ; 10.600 ; 10.600 ; 10.600 ; 10.600 ;
; cpu_addr[14] ; prg_addr[14] ; 10.600 ; 10.600 ; 10.600 ; 10.600 ;
; cpu_addr[14] ; prg_addr[15] ; 10.600 ; 10.600 ; 10.600 ; 10.600 ;
; cpu_addr[14] ; prg_addr[16] ; 10.600 ; 10.600 ; 10.600 ; 10.600 ;
; cpu_addr[14] ; prg_addr[17] ; 10.600 ; 10.600 ; 10.600 ; 10.600 ;
; cpu_addr[14] ; prg_addr[18] ; 10.600 ; 10.600 ; 10.600 ; 10.600 ;
; cpu_rw       ; prg_oe       ; 10.600 ;        ;        ; 10.600 ;
; cpu_rw       ; prg_we       ;        ; 10.600 ; 10.600 ;        ;
; ppu_addr[10] ; chr_addr[10] ; 10.400 ; 11.300 ; 11.300 ; 10.400 ;
; ppu_addr[10] ; chr_addr[11] ; 11.300 ; 12.200 ; 12.200 ; 11.300 ;
; ppu_addr[10] ; chr_addr[12] ; 11.300 ; 12.200 ; 12.200 ; 11.300 ;
; ppu_addr[10] ; chr_addr[13] ; 18.300 ; 18.300 ; 18.300 ; 18.300 ;
; ppu_addr[10] ; chr_addr[14] ; 17.400 ; 17.400 ; 17.400 ; 17.400 ;
; ppu_addr[10] ; chr_addr[15] ; 11.300 ; 12.200 ; 12.200 ; 11.300 ;
; ppu_addr[10] ; chr_addr[16] ; 17.400 ; 17.400 ; 17.400 ; 17.400 ;
; ppu_addr[10] ; chr_addr[17] ; 17.400 ; 17.400 ; 17.400 ; 17.400 ;
; ppu_addr[10] ; ciram_a10    ; 10.400 ;        ;        ; 10.400 ;
; ppu_addr[11] ; chr_addr[10] ; 11.300 ; 11.300 ; 11.300 ; 11.300 ;
; ppu_addr[11] ; chr_addr[11] ; 12.200 ; 12.200 ; 12.200 ; 12.200 ;
; ppu_addr[11] ; chr_addr[12] ; 12.200 ; 12.200 ; 12.200 ; 12.200 ;
; ppu_addr[11] ; chr_addr[13] ; 18.300 ; 18.300 ; 18.300 ; 18.300 ;
; ppu_addr[11] ; chr_addr[14] ; 17.400 ; 17.400 ; 17.400 ; 17.400 ;
; ppu_addr[11] ; chr_addr[15] ; 12.200 ; 12.200 ; 12.200 ; 12.200 ;
; ppu_addr[11] ; chr_addr[16] ; 17.400 ; 17.400 ; 17.400 ; 17.400 ;
; ppu_addr[11] ; chr_addr[17] ; 17.400 ; 17.400 ; 17.400 ; 17.400 ;
; ppu_addr[11] ; ciram_a10    ; 10.400 ;        ;        ; 10.400 ;
; ppu_addr[13] ; chr_ce       ; 10.100 ;        ;        ; 10.100 ;
; ppu_addr[13] ; chr_oe       ;        ; 10.100 ; 10.100 ;        ;
; ppu_rd       ; chr_oe       ;        ; 10.000 ; 10.000 ;        ;
+--------------+--------------+--------+--------+--------+--------+


+-----------------------------------------------------------------+
; Minimum Propagation Delay                                       ;
+--------------+--------------+--------+--------+--------+--------+
; Input Port   ; Output Port  ; RR     ; RF     ; FR     ; FF     ;
+--------------+--------------+--------+--------+--------+--------+
; cpu_addr[13] ; prg_addr[13] ; 10.600 ; 10.600 ; 10.600 ; 10.600 ;
; cpu_addr[13] ; prg_addr[14] ; 10.600 ; 10.600 ; 10.600 ; 10.600 ;
; cpu_addr[13] ; prg_addr[15] ; 10.600 ; 10.600 ; 10.600 ; 10.600 ;
; cpu_addr[13] ; prg_addr[16] ; 10.600 ; 10.600 ; 10.600 ; 10.600 ;
; cpu_addr[13] ; prg_addr[17] ; 10.600 ; 10.600 ; 10.600 ; 10.600 ;
; cpu_addr[13] ; prg_addr[18] ; 10.600 ; 10.600 ; 10.600 ; 10.600 ;
; cpu_addr[14] ; prg_addr[13] ; 10.600 ; 10.600 ; 10.600 ; 10.600 ;
; cpu_addr[14] ; prg_addr[14] ; 10.600 ; 10.600 ; 10.600 ; 10.600 ;
; cpu_addr[14] ; prg_addr[15] ; 10.600 ; 10.600 ; 10.600 ; 10.600 ;
; cpu_addr[14] ; prg_addr[16] ; 10.600 ; 10.600 ; 10.600 ; 10.600 ;
; cpu_addr[14] ; prg_addr[17] ; 10.600 ; 10.600 ; 10.600 ; 10.600 ;
; cpu_addr[14] ; prg_addr[18] ; 10.600 ; 10.600 ; 10.600 ; 10.600 ;
; cpu_rw       ; prg_oe       ; 10.600 ;        ;        ; 10.600 ;
; cpu_rw       ; prg_we       ;        ; 10.600 ; 10.600 ;        ;
; ppu_addr[10] ; chr_addr[10] ; 10.400 ; 10.400 ; 10.400 ; 10.400 ;
; ppu_addr[10] ; chr_addr[11] ; 10.400 ; 11.300 ; 11.300 ; 10.400 ;
; ppu_addr[10] ; chr_addr[12] ; 10.400 ; 11.300 ; 11.300 ; 10.400 ;
; ppu_addr[10] ; chr_addr[13] ; 17.400 ; 17.400 ; 17.400 ; 17.400 ;
; ppu_addr[10] ; chr_addr[14] ; 17.400 ; 17.400 ; 17.400 ; 17.400 ;
; ppu_addr[10] ; chr_addr[15] ; 10.400 ; 11.300 ; 11.300 ; 10.400 ;
; ppu_addr[10] ; chr_addr[16] ; 17.400 ; 17.400 ; 17.400 ; 17.400 ;
; ppu_addr[10] ; chr_addr[17] ; 17.400 ; 17.400 ; 17.400 ; 17.400 ;
; ppu_addr[10] ; ciram_a10    ; 10.400 ;        ;        ; 10.400 ;
; ppu_addr[11] ; chr_addr[10] ; 10.400 ; 10.400 ; 10.400 ; 10.400 ;
; ppu_addr[11] ; chr_addr[11] ; 10.400 ; 10.400 ; 10.400 ; 10.400 ;
; ppu_addr[11] ; chr_addr[12] ; 10.400 ; 10.400 ; 10.400 ; 10.400 ;
; ppu_addr[11] ; chr_addr[13] ; 17.400 ; 10.400 ; 10.400 ; 17.400 ;
; ppu_addr[11] ; chr_addr[14] ; 17.400 ; 10.400 ; 10.400 ; 17.400 ;
; ppu_addr[11] ; chr_addr[15] ; 10.400 ; 10.400 ; 10.400 ; 10.400 ;
; ppu_addr[11] ; chr_addr[16] ; 17.400 ; 10.400 ; 10.400 ; 17.400 ;
; ppu_addr[11] ; chr_addr[17] ; 17.400 ; 10.400 ; 10.400 ; 17.400 ;
; ppu_addr[11] ; ciram_a10    ; 10.400 ;        ;        ; 10.400 ;
; ppu_addr[13] ; chr_ce       ; 10.100 ;        ;        ; 10.100 ;
; ppu_addr[13] ; chr_oe       ;        ; 10.100 ; 10.100 ;        ;
; ppu_rd       ; chr_oe       ;        ; 10.000 ; 10.000 ;        ;
+--------------+--------------+--------+--------+--------+--------+


+-------------------------------------------------------------------------+
; Setup Transfers                                                         ;
+--------------+--------------+----------+----------+----------+----------+
; From Clock   ; To Clock     ; RR Paths ; FR Paths ; RF Paths ; FF Paths ;
+--------------+--------------+----------+----------+----------+----------+
; m2           ; m2           ; 10       ; 0        ; 0        ; 0        ;
; m2           ; ppu_addr[12] ; 84       ; 0        ; 0        ; 0        ;
; ppu_addr[12] ; ppu_addr[12] ; 286      ; 0        ; 0        ; 0        ;
; romsel       ; ppu_addr[12] ; 52       ; 0        ; 0        ; 0        ;
; ppu_addr[12] ; romsel       ; 2        ; 0        ; 0        ; 0        ;
; romsel       ; romsel       ; 568      ; 0        ; 0        ; 0        ;
+--------------+--------------+----------+----------+----------+----------+
Entries labeled "false path" only account for clock-to-clock false paths and not path-based false paths. As a result, actual path counts may be lower than reported.


+-------------------------------------------------------------------------+
; Hold Transfers                                                          ;
+--------------+--------------+----------+----------+----------+----------+
; From Clock   ; To Clock     ; RR Paths ; FR Paths ; RF Paths ; FF Paths ;
+--------------+--------------+----------+----------+----------+----------+
; m2           ; m2           ; 10       ; 0        ; 0        ; 0        ;
; m2           ; ppu_addr[12] ; 84       ; 0        ; 0        ; 0        ;
; ppu_addr[12] ; ppu_addr[12] ; 286      ; 0        ; 0        ; 0        ;
; romsel       ; ppu_addr[12] ; 52       ; 0        ; 0        ; 0        ;
; ppu_addr[12] ; romsel       ; 2        ; 0        ; 0        ; 0        ;
; romsel       ; romsel       ; 568      ; 0        ; 0        ; 0        ;
+--------------+--------------+----------+----------+----------+----------+
Entries labeled "false path" only account for clock-to-clock false paths and not path-based false paths. As a result, actual path counts may be lower than reported.


+---------------------------------------------------------------------+
; Recovery Transfers                                                  ;
+--------------+----------+----------+----------+----------+----------+
; From Clock   ; To Clock ; RR Paths ; FR Paths ; RF Paths ; FF Paths ;
+--------------+----------+----------+----------+----------+----------+
; ppu_addr[12] ; m2       ; 3        ; 3        ; 0        ; 0        ;
+--------------+----------+----------+----------+----------+----------+
Entries labeled "false path" only account for clock-to-clock false paths and not path-based false paths. As a result, actual path counts may be lower than reported.


+---------------------------------------------------------------------+
; Removal Transfers                                                   ;
+--------------+----------+----------+----------+----------+----------+
; From Clock   ; To Clock ; RR Paths ; FR Paths ; RF Paths ; FF Paths ;
+--------------+----------+----------+----------+----------+----------+
; ppu_addr[12] ; m2       ; 3        ; 3        ; 0        ; 0        ;
+--------------+----------+----------+----------+----------+----------+
Entries labeled "false path" only account for clock-to-clock false paths and not path-based false paths. As a result, actual path counts may be lower than reported.


---------------
; Report TCCS ;
---------------
No dedicated SERDES Transmitter circuitry present in device or used in design


---------------
; Report RSKM ;
---------------
No dedicated SERDES Receiver circuitry present in device or used in design


+------------------------------------------------+
; Unconstrained Paths                            ;
+---------------------------------+-------+------+
; Property                        ; Setup ; Hold ;
+---------------------------------+-------+------+
; Illegal Clocks                  ; 0     ; 0    ;
; Unconstrained Clocks            ; 0     ; 0    ;
; Unconstrained Input Ports       ; 18    ; 18   ;
; Unconstrained Input Port Paths  ; 414   ; 414  ;
; Unconstrained Output Ports      ; 21    ; 21   ;
; Unconstrained Output Port Paths ; 121   ; 121  ;
+---------------------------------+-------+------+


+------------------------------------+
; TimeQuest Timing Analyzer Messages ;
+------------------------------------+
Info: *******************************************************************
Info: Running Quartus II 64-Bit TimeQuest Timing Analyzer
    Info: Version 13.0.1 Build 232 06/12/2013 Service Pack 1 SJ Web Edition
    Info: Processing started: Sat Dec 21 15:07:20 2024
Info: Command: quartus_sta mmc1 -c mmc1
Info: qsta_default_script.tcl version: #1
Warning (20028): Parallel compilation is not licensed and has been disabled
Info (306004): Started post-fitting delay annotation
Info (306005): Delay annotation completed successfully
Warning (335095): TimeQuest Timing Analyzer does not support the analysis of latches as synchronous elements for the currently selected device family.
Critical Warning (332012): Synopsys Design Constraints File file not found: 'mmc1.sdc'. A Synopsys Design Constraints File is required by the TimeQuest Timing Analyzer to get proper timing constraints. Without it, the Compiler will not properly optimize the design.
Info (332142): No user constrained base clocks found in the design. Calling "derive_clocks -period 1.0"
Info (332105): Deriving Clocks
    Info (332105): create_clock -period 1.000 -name m2 m2
    Info (332105): create_clock -period 1.000 -name romsel romsel
    Info (332105): create_clock -period 1.000 -name ppu_addr[12] ppu_addr[12]
Warning (332125): Found combinational loop of 2 nodes
    Warning (332126): Node "irq_739~20|[1]"
    Warning (332126): Node "irq_739~20|dataout"
Warning (332125): Found combinational loop of 2 nodes
    Warning (332126): Node "irq_scanline_ready~19|[2]"
    Warning (332126): Node "irq_scanline_ready~19|dataout"
Info: Found TIMEQUEST_REPORT_SCRIPT_INCLUDE_DEFAULT_ANALYSIS = ON
Critical Warning (332148): Timing requirements not met
Info (332146): Worst-case setup slack is -16.400
    Info (332119):     Slack End Point TNS Clock 
    Info (332119): ========= ============= =====================
    Info (332119):   -16.400      -157.000 ppu_addr[12] 
    Info (332119):    -9.800      -718.900 romsel 
    Info (332119):    -9.200       -27.600 m2 
Info (332146): Worst-case hold slack is 2.700
    Info (332119):     Slack End Point TNS Clock 
    Info (332119): ========= ============= =====================
    Info (332119):     2.700         0.000 ppu_addr[12] 
    Info (332119):     6.000         0.000 m2 
    Info (332119):     6.000         0.000 romsel 
Info (332146): Worst-case recovery slack is -7.500
    Info (332119):     Slack End Point TNS Clock 
    Info (332119): ========= ============= =====================
    Info (332119):    -7.500       -22.500 m2 
Info (332146): Worst-case removal slack is 3.800
    Info (332119):     Slack End Point TNS Clock 
    Info (332119): ========= ============= =====================
    Info (332119):     3.800         0.000 m2 
Info (332146): Worst-case minimum pulse width slack is -3.500
    Info (332119):     Slack End Point TNS Clock 
    Info (332119): ========= ============= =====================
    Info (332119):    -3.500      -518.000 romsel 
    Info (332119):    -3.500       -70.000 ppu_addr[12] 
    Info (332119):    -3.500       -21.000 m2 
Info (332001): The selected device family is not supported by the report_metastability command.
Info (332102): Design is not fully constrained for setup requirements
Info (332102): Design is not fully constrained for hold requirements
Info: Quartus II 64-Bit TimeQuest Timing Analyzer was successful. 0 errors, 10 warnings
    Info: Peak virtual memory: 4520 megabytes
    Info: Processing ended: Sat Dec 21 15:07:22 2024
    Info: Elapsed time: 00:00:02
    Info: Total CPU time (on all processors): 00:00:01


