Fitter report for mmc1
Sat Dec 21 15:07:18 2024
Quartus II 64-Bit Version 13.0.1 Build 232 06/12/2013 Service Pack 1 SJ Web Edition


---------------------
; Table of Contents ;
---------------------
  1. Legal Notice
  2. Fitter Summary
  3. Fitter Settings
  4. Parallel Compilation
  5. Pin-Out File
  6. Fitter Resource Usage Summary
  7. Input Pins
  8. Output Pins
  9. All Package Pins
 10. I/O Standard
 11. Dedicated Inputs I/O
 12. Output Pin Default Load For Reported TCO
 13. Fitter Resource Utilization by Entity
 14. Control Signals
 15. Global & Other Fast Signals
 16. Non-Global High Fan-Out Signals
 17. Other Routing Usage Summary
 18. LAB External Interconnect
 19. LAB Macrocells
 20. Parallel Expander
 21. Shareable Expander
 22. Logic Cell Interconnection
 23. Fitter Device Options
 24. Fitter Messages



----------------
; Legal Notice ;
----------------
Copyright (C) 1991-2013 Altera Corporation
Your use of Altera Corporation's design tools, logic functions 
and other software and tools, and its AMPP partner logic 
functions, and any output files from any of the foregoing 
(including device programming or simulation files), and any 
associated documentation or information are expressly subject 
to the terms and conditions of the Altera Program License 
Subscription Agreement, Altera MegaCore Function License 
Agreement, or other applicable license agreement, including, 
without limitation, that your use is for the sole purpose of 
programming logic devices manufactured by Altera and sold by 
Altera or its authorized distributors.  Please refer to the 
applicable agreement for further details.



+-----------------------------------------------------------------------------+
; Fitter Summary                                                              ;
+---------------------------+-------------------------------------------------+
; Fitter Status             ; Successful - Sat Dec 21 15:07:18 2024           ;
; Quartus II 64-Bit Version ; 13.0.1 Build 232 06/12/2013 SP 1 SJ Web Edition ;
; Revision Name             ; mmc1                                            ;
; Top-level Entity Name     ; mmc1                                            ;
; Family                    ; MAX3000A                                        ;
; Device                    ; EPM3128ATC100-10                                ;
; Timing Models             ; Final                                           ;
; Total macrocells          ; 127 / 128 ( 99 % )                              ;
; Total pins                ; 59 / 80 ( 74 % )                                ;
+---------------------------+-------------------------------------------------+


+---------------------------------------------------------------------------------------------------------------+
; Fitter Settings                                                                                               ;
+----------------------------------------------------------------------------+------------------+---------------+
; Option                                                                     ; Setting          ; Default Value ;
+----------------------------------------------------------------------------+------------------+---------------+
; Device                                                                     ; EPM3128ATC100-10 ;               ;
; Use smart compilation                                                      ; Off              ; Off           ;
; Enable parallel Assembler and TimeQuest Timing Analyzer during compilation ; On               ; On            ;
; Enable compact report table                                                ; Off              ; Off           ;
; Optimize Multi-Corner Timing                                               ; Off              ; Off           ;
; Optimize Timing for ECOs                                                   ; Off              ; Off           ;
; Regenerate full fit report during ECO compiles                             ; Off              ; Off           ;
; Optimize IOC Register Placement for Timing                                 ; Normal           ; Normal        ;
; Fitter Initial Placement Seed                                              ; 1                ; 1             ;
; Slow Slew Rate                                                             ; Off              ; Off           ;
; Fitter Effort                                                              ; Auto Fit         ; Auto Fit      ;
; Force Fitter to Avoid Periphery Placement Warnings                         ; Off              ; Off           ;
+----------------------------------------------------------------------------+------------------+---------------+


Parallel compilation was disabled, but you have multiple processors available. Enable parallel compilation to reduce compilation time.
+-------------------------------------+
; Parallel Compilation                ;
+----------------------------+--------+
; Processors                 ; Number ;
+----------------------------+--------+
; Number detected on machine ; 4      ;
; Maximum allowed            ; 1      ;
+----------------------------+--------+


+--------------+
; Pin-Out File ;
+--------------+
The pin-out file can be found in C:/MMC3-128/output_files/mmc1.pin.


+---------------------------------------------------+
; Fitter Resource Usage Summary                     ;
+------------------------------+--------------------+
; Resource                     ; Usage              ;
+------------------------------+--------------------+
; Logic cells                  ; 127 / 128 ( 99 % ) ;
; Registers                    ; 87 / 128 ( 68 % )  ;
; Number of pterms used        ; 410                ;
; I/O pins                     ; 59 / 80 ( 74 % )   ;
;     -- Clock pins            ; 1 / 2 ( 50 % )     ;
;     -- Dedicated input pins  ; 0 / 2 ( 0 % )      ;
;                              ;                    ;
; Global signals               ; 1                  ;
; Shareable expanders          ; 1 / 128 ( < 1 % )  ;
; Parallel expanders           ; 8 / 120 ( 7 % )    ;
; Cells using turbo bit        ; 127 / 128 ( 99 % ) ;
; Maximum fan-out              ; 80                 ;
; Highest non-global fan-out   ; 80                 ;
; Total fan-out                ; 1068               ;
; Average fan-out              ; 5.71               ;
+------------------------------+--------------------+


+-----------------------------------------------------------------------------------------------------------------------------------+
; Input Pins                                                                                                                        ;
+--------------+-------+----------+-----+-----------------------+--------------------+--------+--------------+----------------------+
; Name         ; Pin # ; I/O Bank ; LAB ; Combinational Fan-Out ; Registered Fan-Out ; Global ; I/O Standard ; Location assigned by ;
+--------------+-------+----------+-----+-----------------------+--------------------+--------+--------------+----------------------+
; cpu_addr[0]  ; 19    ; --       ; 3   ; 74                    ; 0                  ; no     ; 3.3-V LVTTL  ; User                 ;
; cpu_addr[10] ; 50    ; --       ; 5   ; 0                     ; 0                  ; no     ; 3.3-V LVTTL  ; Fitter               ;
; cpu_addr[11] ; 27    ; --       ; 4   ; 0                     ; 0                  ; no     ; 3.3-V LVTTL  ; Fitter               ;
; cpu_addr[12] ; 68    ; --       ; 7   ; 0                     ; 0                  ; no     ; 3.3-V LVTTL  ; Fitter               ;
; cpu_addr[13] ; 99    ; --       ; 1   ; 80                    ; 0                  ; no     ; 3.3-V LVTTL  ; User                 ;
; cpu_addr[14] ; 100   ; --       ; 1   ; 80                    ; 0                  ; no     ; 3.3-V LVTTL  ; User                 ;
; cpu_addr[1]  ; 5     ; --       ; 2   ; 0                     ; 0                  ; no     ; 3.3-V LVTTL  ; Fitter               ;
; cpu_addr[2]  ; 72    ; --       ; 7   ; 0                     ; 0                  ; no     ; 3.3-V LVTTL  ; Fitter               ;
; cpu_addr[3]  ; 49    ; --       ; 5   ; 0                     ; 0                  ; no     ; 3.3-V LVTTL  ; Fitter               ;
; cpu_addr[4]  ; 28    ; --       ; 4   ; 0                     ; 0                  ; no     ; 3.3-V LVTTL  ; Fitter               ;
; cpu_addr[5]  ; 17    ; --       ; 3   ; 0                     ; 0                  ; no     ; 3.3-V LVTTL  ; Fitter               ;
; cpu_addr[6]  ; 81    ; --       ; 8   ; 0                     ; 0                  ; no     ; 3.3-V LVTTL  ; Fitter               ;
; cpu_addr[7]  ; 7     ; --       ; 2   ; 0                     ; 0                  ; no     ; 3.3-V LVTTL  ; Fitter               ;
; cpu_addr[8]  ; 70    ; --       ; 7   ; 0                     ; 0                  ; no     ; 3.3-V LVTTL  ; Fitter               ;
; cpu_addr[9]  ; 80    ; --       ; 8   ; 0                     ; 0                  ; no     ; 3.3-V LVTTL  ; Fitter               ;
; cpu_data[0]  ; 16    ; --       ; 3   ; 9                     ; 0                  ; no     ; 3.3-V LVTTL  ; User                 ;
; cpu_data[1]  ; 14    ; --       ; 2   ; 10                    ; 0                  ; no     ; 3.3-V LVTTL  ; User                 ;
; cpu_data[2]  ; 13    ; --       ; 2   ; 10                    ; 0                  ; no     ; 3.3-V LVTTL  ; User                 ;
; cpu_data[3]  ; 12    ; --       ; 2   ; 9                     ; 0                  ; no     ; 3.3-V LVTTL  ; User                 ;
; cpu_data[4]  ; 10    ; --       ; 2   ; 9                     ; 0                  ; no     ; 3.3-V LVTTL  ; User                 ;
; cpu_data[5]  ; 9     ; --       ; 2   ; 9                     ; 0                  ; no     ; 3.3-V LVTTL  ; User                 ;
; cpu_data[6]  ; 8     ; --       ; 2   ; 8                     ; 0                  ; no     ; 3.3-V LVTTL  ; User                 ;
; cpu_data[7]  ; 6     ; --       ; 2   ; 8                     ; 0                  ; no     ; 3.3-V LVTTL  ; User                 ;
; cpu_rw       ; 20    ; --       ; 3   ; 76                    ; 0                  ; no     ; 3.3-V LVTTL  ; User                 ;
; m2           ; 90    ; --       ; --  ; 3                     ; 0                  ; yes    ; 3.3-V LVTTL  ; User                 ;
; ppu_addr[10] ; 45    ; --       ; 5   ; 20                    ; 0                  ; no     ; 3.3-V LVTTL  ; User                 ;
; ppu_addr[11] ; 46    ; --       ; 5   ; 24                    ; 0                  ; no     ; 3.3-V LVTTL  ; User                 ;
; ppu_addr[12] ; 47    ; --       ; 5   ; 36                    ; 0                  ; no     ; 3.3-V LVTTL  ; User                 ;
; ppu_addr[13] ; 48    ; --       ; 5   ; 2                     ; 0                  ; no     ; 3.3-V LVTTL  ; User                 ;
; ppu_rd       ; 30    ; --       ; 4   ; 1                     ; 0                  ; no     ; 3.3-V LVTTL  ; User                 ;
; ppu_wr       ; 29    ; --       ; 4   ; 0                     ; 0                  ; no     ; 3.3-V LVTTL  ; User                 ;
; romsel       ; 23    ; --       ; 3   ; 77                    ; 0                  ; no     ; 3.3-V LVTTL  ; User                 ;
+--------------+-------+----------+-----+-----------------------+--------------------+--------+--------------+----------------------+


+--------------------------------------------------------------------------------------------------------------------------------------------------------------------------------------------------+
; Output Pins                                                                                                                                                                                      ;
+--------------+-------+----------+-----+-----------------+----------------+------------+---------------+--------------+----------------------+-------+----------------------+---------------------+
; Name         ; Pin # ; I/O Bank ; LAB ; Output Register ; Slow Slew Rate ; Open Drain ; TRI Primitive ; I/O Standard ; Location assigned by ; Load  ; Output Enable Source ; Output Enable Group ;
+--------------+-------+----------+-----+-----------------+----------------+------------+---------------+--------------+----------------------+-------+----------------------+---------------------+
; chr_addr[10] ; 71    ; --       ; 7   ; no              ; no             ; no         ; no            ; 3.3-V LVTTL  ; User                 ; 10 pF ; -                    ; -                   ;
; chr_addr[11] ; 67    ; --       ; 7   ; no              ; no             ; no         ; no            ; 3.3-V LVTTL  ; User                 ; 10 pF ; -                    ; -                   ;
; chr_addr[12] ; 54    ; --       ; 6   ; no              ; no             ; no         ; no            ; 3.3-V LVTTL  ; User                 ; 10 pF ; -                    ; -                   ;
; chr_addr[13] ; 64    ; --       ; 7   ; no              ; no             ; no         ; no            ; 3.3-V LVTTL  ; User                 ; 10 pF ; -                    ; -                   ;
; chr_addr[14] ; 63    ; --       ; 7   ; no              ; no             ; no         ; no            ; 3.3-V LVTTL  ; User                 ; 10 pF ; -                    ; -                   ;
; chr_addr[15] ; 56    ; --       ; 6   ; no              ; no             ; no         ; no            ; 3.3-V LVTTL  ; User                 ; 10 pF ; -                    ; -                   ;
; chr_addr[16] ; 57    ; --       ; 6   ; no              ; no             ; no         ; no            ; 3.3-V LVTTL  ; User                 ; 10 pF ; -                    ; -                   ;
; chr_addr[17] ; 61    ; --       ; 6   ; no              ; no             ; no         ; no            ; 3.3-V LVTTL  ; User                 ; 10 pF ; -                    ; -                   ;
; chr_addr[18] ; 58    ; --       ; 6   ; no              ; no             ; no         ; no            ; 3.3-V LVTTL  ; User                 ; 10 pF ; -                    ; -                   ;
; chr_ce       ; 75    ; --       ; 8   ; no              ; no             ; no         ; no            ; 3.3-V LVTTL  ; User                 ; 10 pF ; -                    ; -                   ;
; chr_oe       ; 69    ; --       ; 7   ; no              ; no             ; no         ; no            ; 3.3-V LVTTL  ; User                 ; 10 pF ; -                    ; -                   ;
; chr_we       ; 60    ; --       ; 6   ; no              ; no             ; no         ; no            ; 3.3-V LVTTL  ; User                 ; 10 pF ; -                    ; -                   ;
; ciram_a10    ; 31    ; --       ; 4   ; no              ; no             ; no         ; no            ; 3.3-V LVTTL  ; User                 ; 10 pF ; -                    ; -                   ;
; irq          ; 21    ; --       ; 3   ; no              ; no             ; yes        ; no            ; 3.3-V LVTTL  ; User                 ; 10 pF ; -                    ; -                   ;
; prg_addr[13] ; 96    ; --       ; 1   ; no              ; no             ; no         ; no            ; 3.3-V LVTTL  ; User                 ; 10 pF ; -                    ; -                   ;
; prg_addr[14] ; 94    ; --       ; 1   ; no              ; no             ; no         ; no            ; 3.3-V LVTTL  ; User                 ; 10 pF ; -                    ; -                   ;
; prg_addr[15] ; 83    ; --       ; 8   ; no              ; no             ; no         ; no            ; 3.3-V LVTTL  ; User                 ; 10 pF ; -                    ; -                   ;
; prg_addr[16] ; 84    ; --       ; 8   ; no              ; no             ; no         ; no            ; 3.3-V LVTTL  ; User                 ; 10 pF ; -                    ; -                   ;
; prg_addr[17] ; 93    ; --       ; 1   ; no              ; no             ; no         ; no            ; 3.3-V LVTTL  ; User                 ; 10 pF ; -                    ; -                   ;
; prg_addr[18] ; 85    ; --       ; 8   ; no              ; no             ; no         ; no            ; 3.3-V LVTTL  ; User                 ; 10 pF ; -                    ; -                   ;
; prg_ce       ; 98    ; --       ; 1   ; no              ; no             ; no         ; no            ; 3.3-V LVTTL  ; User                 ; 10 pF ; -                    ; -                   ;
; prg_oe       ; 97    ; --       ; 1   ; no              ; no             ; no         ; no            ; 3.3-V LVTTL  ; User                 ; 10 pF ; -                    ; -                   ;
; prg_we       ; 92    ; --       ; 1   ; no              ; no             ; no         ; no            ; 3.3-V LVTTL  ; User                 ; 10 pF ; -                    ; -                   ;
+--------------+-------+----------+-----+-----------------+----------------+------------+---------------+--------------+----------------------+-------+----------------------+---------------------+


+-------------------------------------------------------------------------------------------------------+
; All Package Pins                                                                                      ;
+----------+------------+----------+----------------+--------+--------------+---------+-----------------+
; Location ; Pad Number ; I/O Bank ; Pin Name/Usage ; Dir.   ; I/O Standard ; Voltage ; User Assignment ;
+----------+------------+----------+----------------+--------+--------------+---------+-----------------+
; 1        ; 12         ; --       ; RESERVED       ;        ;              ;         ;                 ;
; 2        ; 13         ; --       ; RESERVED       ;        ;              ;         ;                 ;
; 3        ; 14         ; --       ; VCCIO          ; power  ;              ; 3.3V    ;                 ;
; 4        ; 15         ; --       ; TDI            ; input  ; 3.3-V LVTTL  ;         ; N               ;
; 5        ; 16         ; --       ; cpu_addr[1]    ; input  ; 3.3-V LVTTL  ;         ; N               ;
; 6        ; 17         ; --       ; cpu_data[7]    ; input  ; 3.3-V LVTTL  ;         ; Y               ;
; 7        ; 18         ; --       ; cpu_addr[7]    ; input  ; 3.3-V LVTTL  ;         ; N               ;
; 8        ; 19         ; --       ; cpu_data[6]    ; input  ; 3.3-V LVTTL  ;         ; Y               ;
; 9        ; 20         ; --       ; cpu_data[5]    ; input  ; 3.3-V LVTTL  ;         ; Y               ;
; 10       ; 21         ; --       ; cpu_data[4]    ; input  ; 3.3-V LVTTL  ;         ; Y               ;
; 11       ; 22         ; --       ; GND            ; gnd    ;              ;         ;                 ;
; 12       ; 23         ; --       ; cpu_data[3]    ; input  ; 3.3-V LVTTL  ;         ; Y               ;
; 13       ; 24         ; --       ; cpu_data[2]    ; input  ; 3.3-V LVTTL  ;         ; Y               ;
; 14       ; 25         ; --       ; cpu_data[1]    ; input  ; 3.3-V LVTTL  ;         ; Y               ;
; 15       ; 26         ; --       ; TMS            ; input  ; 3.3-V LVTTL  ;         ; N               ;
; 16       ; 27         ; --       ; cpu_data[0]    ; input  ; 3.3-V LVTTL  ;         ; Y               ;
; 17       ; 28         ; --       ; cpu_addr[5]    ; input  ; 3.3-V LVTTL  ;         ; N               ;
; 18       ; 29         ; --       ; VCCIO          ; power  ;              ; 3.3V    ;                 ;
; 19       ; 30         ; --       ; cpu_addr[0]    ; input  ; 3.3-V LVTTL  ;         ; Y               ;
; 20       ; 31         ; --       ; cpu_rw         ; input  ; 3.3-V LVTTL  ;         ; Y               ;
; 21       ; 32         ; --       ; irq            ; output ; 3.3-V LVTTL  ;         ; Y               ;
; 22       ; 33         ; --       ; RESERVED       ;        ;              ;         ;                 ;
; 23       ; 34         ; --       ; romsel         ; input  ; 3.3-V LVTTL  ;         ; Y               ;
; 24       ; 35         ; --       ; RESERVED       ;        ;              ;         ;                 ;
; 25       ; 36         ; --       ; RESERVED       ;        ;              ;         ;                 ;
; 26       ; 37         ; --       ; GND            ; gnd    ;              ;         ;                 ;
; 27       ; 38         ; --       ; cpu_addr[11]   ; input  ; 3.3-V LVTTL  ;         ; N               ;
; 28       ; 39         ; --       ; cpu_addr[4]    ; input  ; 3.3-V LVTTL  ;         ; N               ;
; 29       ; 40         ; --       ; ppu_wr         ; input  ; 3.3-V LVTTL  ;         ; Y               ;
; 30       ; 41         ; --       ; ppu_rd         ; input  ; 3.3-V LVTTL  ;         ; Y               ;
; 31       ; 42         ; --       ; ciram_a10      ; output ; 3.3-V LVTTL  ;         ; Y               ;
; 32       ; 43         ; --       ; RESERVED       ;        ;              ;         ;                 ;
; 33       ; 44         ; --       ; GND            ; gnd    ;              ;         ;                 ;
; 34       ; 45         ; --       ; VCCIO          ; power  ;              ; 3.3V    ;                 ;
; 35       ; 46         ; --       ; RESERVED       ;        ;              ;         ;                 ;
; 36       ; 47         ; --       ; RESERVED       ;        ;              ;         ;                 ;
; 37       ; 48         ; --       ; RESERVED       ;        ;              ;         ;                 ;
; 38       ; 49         ; --       ; GND            ; gnd    ;              ;         ;                 ;
; 39       ; 50         ; --       ; VCCINT         ; power  ;              ; 3.3V    ;                 ;
; 40       ; 51         ; --       ; RESERVED       ;        ;              ;         ;                 ;
; 41       ; 52         ; --       ; RESERVED       ;        ;              ;         ;                 ;
; 42       ; 53         ; --       ; RESERVED       ;        ;              ;         ;                 ;
; 43       ; 54         ; --       ; GND            ; gnd    ;              ;         ;                 ;
; 44       ; 55         ; --       ; RESERVED       ;        ;              ;         ;                 ;
; 45       ; 56         ; --       ; ppu_addr[10]   ; input  ; 3.3-V LVTTL  ;         ; Y               ;
; 46       ; 57         ; --       ; ppu_addr[11]   ; input  ; 3.3-V LVTTL  ;         ; Y               ;
; 47       ; 58         ; --       ; ppu_addr[12]   ; input  ; 3.3-V LVTTL  ;         ; Y               ;
; 48       ; 59         ; --       ; ppu_addr[13]   ; input  ; 3.3-V LVTTL  ;         ; Y               ;
; 49       ; 60         ; --       ; cpu_addr[3]    ; input  ; 3.3-V LVTTL  ;         ; N               ;
; 50       ; 61         ; --       ; cpu_addr[10]   ; input  ; 3.3-V LVTTL  ;         ; N               ;
; 51       ; 62         ; --       ; VCCIO          ; power  ;              ; 3.3V    ;                 ;
; 52       ; 63         ; --       ; RESERVED       ;        ;              ;         ;                 ;
; 53       ; 64         ; --       ; GND            ; gnd    ;              ;         ;                 ;
; 54       ; 65         ; --       ; chr_addr[12]   ; output ; 3.3-V LVTTL  ;         ; Y               ;
; 55       ; 66         ; --       ; RESERVED       ;        ;              ;         ;                 ;
; 56       ; 67         ; --       ; chr_addr[15]   ; output ; 3.3-V LVTTL  ;         ; Y               ;
; 57       ; 68         ; --       ; chr_addr[16]   ; output ; 3.3-V LVTTL  ;         ; Y               ;
; 58       ; 69         ; --       ; chr_addr[18]   ; output ; 3.3-V LVTTL  ;         ; Y               ;
; 59       ; 70         ; --       ; GND            ; gnd    ;              ;         ;                 ;
; 60       ; 71         ; --       ; chr_we         ; output ; 3.3-V LVTTL  ;         ; Y               ;
; 61       ; 72         ; --       ; chr_addr[17]   ; output ; 3.3-V LVTTL  ;         ; Y               ;
; 62       ; 73         ; --       ; TCK            ; input  ; 3.3-V LVTTL  ;         ; N               ;
; 63       ; 74         ; --       ; chr_addr[14]   ; output ; 3.3-V LVTTL  ;         ; Y               ;
; 64       ; 75         ; --       ; chr_addr[13]   ; output ; 3.3-V LVTTL  ;         ; Y               ;
; 65       ; 76         ; --       ; GND            ; gnd    ;              ;         ;                 ;
; 66       ; 77         ; --       ; VCCIO          ; power  ;              ; 3.3V    ;                 ;
; 67       ; 78         ; --       ; chr_addr[11]   ; output ; 3.3-V LVTTL  ;         ; Y               ;
; 68       ; 79         ; --       ; cpu_addr[12]   ; input  ; 3.3-V LVTTL  ;         ; N               ;
; 69       ; 80         ; --       ; chr_oe         ; output ; 3.3-V LVTTL  ;         ; Y               ;
; 70       ; 81         ; --       ; cpu_addr[8]    ; input  ; 3.3-V LVTTL  ;         ; N               ;
; 71       ; 82         ; --       ; chr_addr[10]   ; output ; 3.3-V LVTTL  ;         ; Y               ;
; 72       ; 83         ; --       ; cpu_addr[2]    ; input  ; 3.3-V LVTTL  ;         ; N               ;
; 73       ; 84         ; --       ; TDO            ; output ; 3.3-V LVTTL  ;         ; N               ;
; 74       ; 85         ; --       ; GND            ; gnd    ;              ;         ;                 ;
; 75       ; 86         ; --       ; chr_ce         ; output ; 3.3-V LVTTL  ;         ; Y               ;
; 76       ; 87         ; --       ; RESERVED       ;        ;              ;         ;                 ;
; 77       ; 88         ; --       ; RESERVED       ;        ;              ;         ;                 ;
; 78       ; 89         ; --       ; GND            ; gnd    ;              ;         ;                 ;
; 79       ; 90         ; --       ; RESERVED       ;        ;              ;         ;                 ;
; 80       ; 91         ; --       ; cpu_addr[9]    ; input  ; 3.3-V LVTTL  ;         ; N               ;
; 81       ; 92         ; --       ; cpu_addr[6]    ; input  ; 3.3-V LVTTL  ;         ; N               ;
; 82       ; 93         ; --       ; VCCIO          ; power  ;              ; 3.3V    ;                 ;
; 83       ; 94         ; --       ; prg_addr[15]   ; output ; 3.3-V LVTTL  ;         ; Y               ;
; 84       ; 95         ; --       ; prg_addr[16]   ; output ; 3.3-V LVTTL  ;         ; Y               ;
; 85       ; 96         ; --       ; prg_addr[18]   ; output ; 3.3-V LVTTL  ;         ; Y               ;
; 86       ; 97         ; --       ; GND            ; gnd    ;              ;         ;                 ;
; 87       ; 98         ; --       ; GND+           ;        ;              ;         ;                 ;
; 88       ; 99         ; --       ; GND+           ;        ;              ;         ;                 ;
; 89       ; 0          ; --       ; GND+           ;        ;              ;         ;                 ;
; 90       ; 1          ; --       ; m2             ; input  ; 3.3-V LVTTL  ;         ; Y               ;
; 91       ; 2          ; --       ; VCCINT         ; power  ;              ; 3.3V    ;                 ;
; 92       ; 3          ; --       ; prg_we         ; output ; 3.3-V LVTTL  ;         ; Y               ;
; 93       ; 4          ; --       ; prg_addr[17]   ; output ; 3.3-V LVTTL  ;         ; Y               ;
; 94       ; 5          ; --       ; prg_addr[14]   ; output ; 3.3-V LVTTL  ;         ; Y               ;
; 95       ; 6          ; --       ; GND            ; gnd    ;              ;         ;                 ;
; 96       ; 7          ; --       ; prg_addr[13]   ; output ; 3.3-V LVTTL  ;         ; Y               ;
; 97       ; 8          ; --       ; prg_oe         ; output ; 3.3-V LVTTL  ;         ; Y               ;
; 98       ; 9          ; --       ; prg_ce         ; output ; 3.3-V LVTTL  ;         ; Y               ;
; 99       ; 10         ; --       ; cpu_addr[13]   ; input  ; 3.3-V LVTTL  ;         ; Y               ;
; 100      ; 11         ; --       ; cpu_addr[14]   ; input  ; 3.3-V LVTTL  ;         ; Y               ;
+----------+------------+----------+----------------+--------+--------------+---------+-----------------+
Note: Pin directions (input, output or bidir) are based on device operating in user mode.


+--------------------------------------------------------------------------------------------------+
; I/O Standard                                                                                     ;
+--------------+------------+----------------------+-------------------+-------------------+-------+
; I/O Standard ; Input Vref ; Dedicated Input Pins ; Pins in I/O Bank1 ; Pins in I/O Bank2 ; Total ;
+--------------+------------+----------------------+-------------------+-------------------+-------+
; 3.3-V LVTTL  ; -          ; 1                    ; 0                 ; 0                 ; 1     ;
+--------------+------------+----------------------+-------------------+-------------------+-------+


+--------------------------------------------------------------------+
; Dedicated Inputs I/O                                               ;
+------+-------+-------+-------+--------------+------------+---------+
; Name ; Pin # ; Type  ; VCCIO ; I/O Standard ; Input Vref ; Current ;
+------+-------+-------+-------+--------------+------------+---------+
; m2   ; 90    ; Input ; --    ; 3.3-V LVTTL  ; -          ; 0 mA    ;
+------+-------+-------+-------+--------------+------------+---------+


+-----------------------------------------------+
; Output Pin Default Load For Reported TCO      ;
+--------------+-------+------------------------+
; I/O Standard ; Load  ; Termination Resistance ;
+--------------+-------+------------------------+
; 3.3-V LVTTL  ; 10 pF ; Not Available          ;
; 3.3-V LVCMOS ; 10 pF ; Not Available          ;
; 3.3-V PCI    ; 10 pF ; 25 Ohm (Parallel)      ;
; 2.5 V        ; 10 pF ; Not Available          ;
+--------------+-------+------------------------+
Note: User assignments will override these defaults. The user specified values are listed in the Output Pins and Bidir Pins tables.


+-------------------------------------------------------------------------------------+
; Fitter Resource Utilization by Entity                                               ;
+----------------------------+------------+------+---------------------+--------------+
; Compilation Hierarchy Node ; Macrocells ; Pins ; Full Hierarchy Name ; Library Name ;
+----------------------------+------------+------+---------------------+--------------+
; |mmc1                      ; 127        ; 59   ; |mmc1               ; work         ;
+----------------------------+------------+------+---------------------+--------------+


+------------------------------------------------------------------------------------------------------------+
; Control Signals                                                                                            ;
+--------------+----------+---------+---------------------+--------+----------------------+------------------+
; Name         ; Location ; Fan-Out ; Usage               ; Global ; Global Resource Used ; Global Line Name ;
+--------------+----------+---------+---------------------+--------+----------------------+------------------+
; m2           ; PIN_90   ; 3       ; Clock               ; yes    ; On                   ; --               ;
; ppu_addr[12] ; PIN_47   ; 36      ; Async. clear, Clock ; no     ; --                   ; --               ;
; romsel       ; PIN_23   ; 77      ; Clock               ; no     ; --                   ; --               ;
+--------------+----------+---------+---------------------+--------+----------------------+------------------+


+---------------------------------------------------------------------+
; Global & Other Fast Signals                                         ;
+------+----------+---------+----------------------+------------------+
; Name ; Location ; Fan-Out ; Global Resource Used ; Global Line Name ;
+------+----------+---------+----------------------+------------------+
; m2   ; PIN_90   ; 3       ; On                   ; --               ;
+------+----------+---------+----------------------+------------------+


+-------------------------------------+
; Non-Global High Fan-Out Signals     ;
+---------------------------+---------+
; Name                      ; Fan-Out ;
+---------------------------+---------+
; cpu_addr[14]              ; 80      ;
; cpu_addr[13]              ; 80      ;
; romsel                    ; 77      ;
; cpu_rw                    ; 76      ;
; cpu_addr[0]               ; 74      ;
; r[8][0]                   ; 59      ;
; r[8][1]                   ; 59      ;
; r[8][2]                   ; 59      ;
; ppu_addr[12]              ; 36      ;
; ppu_addr[11]              ; 24      ;
; r[8][4]                   ; 24      ;
; ppu_addr[10]              ; 20      ;
; a12_low_time[2]           ; 14      ;
; a12_low_time[1]           ; 13      ;
; a12_low_time[0]           ; 13      ;
; cpu_data[2]               ; 10      ;
; cpu_data[1]               ; 10      ;
; irq_scanline_counter[0]   ; 10      ;
; cpu_data[5]               ; 9       ;
; cpu_data[4]               ; 9       ;
; cpu_data[3]               ; 9       ;
; cpu_data[0]               ; 9       ;
; irq_scanline_counter[1]   ; 9       ;
; always3~12                ; 9       ;
; cpu_data[7]               ; 8       ;
; cpu_data[6]               ; 8       ;
; irq_scanline_counter[2]   ; 8       ;
; irq_scanline_counter[3]   ; 7       ;
; r[8][3]                   ; 7       ;
; irq_scanline_counter[4]   ; 6       ;
; irq_scanline_counter[5]   ; 5       ;
; irq_scanline_counter[6]   ; 4       ;
; irq_scanline_enabled      ; 4       ;
; irq_scanline_value        ; 3       ;
; irq_scanline_counter[7]   ; 3       ;
; irq_scanline_reload_clear ; 3       ;
; r[5][7]                   ; 3       ;
; r[3][6]                   ; 3       ;
; r[3][5]                   ; 3       ;
; r[5][4]                   ; 3       ;
; r[3][3]                   ; 3       ;
; r[5][3]                   ; 3       ;
; r[3][2]                   ; 3       ;
; r[3][1]                   ; 3       ;
; r[4][5]                   ; 3       ;
; r[2][5]                   ; 3       ;
; r[4][3]                   ; 3       ;
; r[4][2]                   ; 3       ;
; r[2][2]                   ; 3       ;
; r[4][1]                   ; 3       ;
; r[2][1]                   ; 3       ;
; r[4][0]                   ; 3       ;
; r[9][0]                   ; 3       ;
; r[9][1]                   ; 3       ;
; r[9][2]                   ; 3       ;
; r[9][3]                   ; 3       ;
; r[9][4]                   ; 3       ;
; r[9][5]                   ; 3       ;
; r[9][6]                   ; 3       ;
; irq_scanline_reload       ; 3       ;
; r[9][7]                   ; 3       ;
; ppu_addr[13]              ; 2       ;
; Equal0~5sexp              ; 2       ;
; irq_739~20                ; 2       ;
; irq_scanline_ready~19     ; 2       ;
; r[1][7]                   ; 2       ;
; r[3][7]                   ; 2       ;
; r[1][6]                   ; 2       ;
; r[5][6]                   ; 2       ;
; r[1][5]                   ; 2       ;
; r[5][5]                   ; 2       ;
; r[1][4]                   ; 2       ;
; r[3][4]                   ; 2       ;
; r[1][3]                   ; 2       ;
; r[1][2]                   ; 2       ;
; r[5][2]                   ; 2       ;
; r[1][1]                   ; 2       ;
; r[5][1]                   ; 2       ;
; r[5][0]                   ; 2       ;
; r[3][0]                   ; 2       ;
; r[7][5]                   ; 2       ;
; r[7][4]                   ; 2       ;
; r[7][3]                   ; 2       ;
; r[7][2]                   ; 2       ;
; r[7][1]                   ; 2       ;
; r[7][0]                   ; 2       ;
; r[0][7]                   ; 2       ;
; r[4][7]                   ; 2       ;
; r[2][7]                   ; 2       ;
; r[0][6]                   ; 2       ;
; r[4][6]                   ; 2       ;
; r[2][6]                   ; 2       ;
; r[0][5]                   ; 2       ;
; r[0][4]                   ; 2       ;
; r[4][4]                   ; 2       ;
; r[2][4]                   ; 2       ;
; r[0][3]                   ; 2       ;
; r[2][3]                   ; 2       ;
; r[0][2]                   ; 2       ;
; r[0][1]                   ; 2       ;
; r[2][0]                   ; 2       ;
; r[6][5]                   ; 2       ;
; r[6][4]                   ; 2       ;
; r[6][3]                   ; 2       ;
; r[6][2]                   ; 2       ;
; r[6][1]                   ; 2       ;
; r[6][0]                   ; 2       ;
; r[8][5]                   ; 2       ;
; ppu_rd                    ; 1       ;
; ~VCC~1                    ; 1       ;
; ~GND~1                    ; 1       ;
; chr_addr~354              ; 1       ;
; chr_addr~351              ; 1       ;
; chr_addr~345              ; 1       ;
; chr_addr~339              ; 1       ;
; chr_addr~336              ; 1       ;
; chr_addr~330              ; 1       ;
; chr_addr~327              ; 1       ;
; chr_addr~323              ; 1       ;
; chr_addr~320              ; 1       ;
; chr_addr~317              ; 1       ;
; chr_addr~311              ; 1       ;
; chr_addr~303              ; 1       ;
; chr_addr~300              ; 1       ;
; chr_addr~294              ; 1       ;
; chr_addr~288              ; 1       ;
; chr_addr~280              ; 1       ;
; chr_addr~277              ; 1       ;
; chr_addr~271              ; 1       ;
; chr_addr~264              ; 1       ;
; chr_addr~261              ; 1       ;
; chr_addr~255              ; 1       ;
; chr_addr~249              ; 1       ;
; chr_addr~243              ; 1       ;
; Mux1~17                   ; 1       ;
; Mux2~17                   ; 1       ;
; Mux3~17                   ; 1       ;
; Mux4~17                   ; 1       ;
; Mux5~19                   ; 1       ;
; Mux6~15                   ; 1       ;
; ciram_a10~8               ; 1       ;
; ppu_addr[13]~4            ; 1       ;
; romsel~4                  ; 1       ;
; chr_oe~4                  ; 1       ;
; prg_we~4                  ; 1       ;
; prg_oe~4                  ; 1       ;
+---------------------------+---------+


+--------------------------------------------------+
; Other Routing Usage Summary                      ;
+-----------------------------+--------------------+
; Other Routing Resource Type ; Usage              ;
+-----------------------------+--------------------+
; Output enables              ; 0 / 6 ( 0 % )      ;
; PIA buffers                 ; 189 / 288 ( 66 % ) ;
; PIAs                        ; 221 / 288 ( 77 % ) ;
+-----------------------------+--------------------+


+-----------------------------------------------------------------------------+
; LAB External Interconnect                                                   ;
+-----------------------------------------------+-----------------------------+
; LAB External Interconnects  (Average = 27.63) ; Number of LABs  (Total = 8) ;
+-----------------------------------------------+-----------------------------+
; 0 - 2                                         ; 0                           ;
; 3 - 5                                         ; 0                           ;
; 6 - 8                                         ; 0                           ;
; 9 - 11                                        ; 0                           ;
; 12 - 14                                       ; 0                           ;
; 15 - 17                                       ; 0                           ;
; 18 - 20                                       ; 0                           ;
; 21 - 23                                       ; 1                           ;
; 24 - 26                                       ; 1                           ;
; 27 - 29                                       ; 4                           ;
; 30 - 32                                       ; 2                           ;
+-----------------------------------------------+-----------------------------+


+-----------------------------------------------------------------------+
; LAB Macrocells                                                        ;
+-----------------------------------------+-----------------------------+
; Number of Macrocells  (Average = 15.88) ; Number of LABs  (Total = 8) ;
+-----------------------------------------+-----------------------------+
; 0                                       ; 0                           ;
; 1                                       ; 0                           ;
; 2                                       ; 0                           ;
; 3                                       ; 0                           ;
; 4                                       ; 0                           ;
; 5                                       ; 0                           ;
; 6                                       ; 0                           ;
; 7                                       ; 0                           ;
; 8                                       ; 0                           ;
; 9                                       ; 0                           ;
; 10                                      ; 0                           ;
; 11                                      ; 0                           ;
; 12                                      ; 0                           ;
; 13                                      ; 0                           ;
; 14                                      ; 0                           ;
; 15                                      ; 1                           ;
; 16                                      ; 7                           ;
+-----------------------------------------+-----------------------------+


+---------------------------------------------------------+
; Parallel Expander                                       ;
+--------------------------+------------------------------+
; Parallel Expander Length ; Number of Parallel Expanders ;
+--------------------------+------------------------------+
; 0                        ; 0                            ;
; 1                        ; 2                            ;
; 2                        ; 3                            ;
+--------------------------+------------------------------+


+-------------------------------------------------------------------------------+
; Shareable Expander                                                            ;
+-------------------------------------------------+-----------------------------+
; Number of shareable expanders  (Average = 0.13) ; Number of LABs  (Total = 1) ;
+-------------------------------------------------+-----------------------------+
; 0                                               ; 7                           ;
; 1                                               ; 1                           ;
+-------------------------------------------------+-----------------------------+


+--------------------------------------------------------------------------------------------------------------------------------------------------------------------------------------------------------------------------------------------------------------------------------------------------------------------------------------------------------------------------------------------------------------------------------------------------------------------------------------------------------------------------------------------------------------------------------------------------------------------------------------------------------------------------------------------------------------------------------------------------------------------------------------------------------------------------------------------------------------------------------------------------------------------------------------------------------------------------------------------+
; Logic Cell Interconnection                                                                                                                                                                                                                                                                                                                                                                                                                                                                                                                                                                                                                                                                                                                                                                                                                                                                                                                                                                 ;
+-----+------------+---------------------------------------------------------------------------------------------------------------------------------------------------------------------------------------------------------------------------------------------------------------------------------------------------------------------------------------------------------------------------------------------------------------------+---------------------------------------------------------------------------------------------------------------------------------------------------------------------------------------------------------------------------------------------------------------------------------------------------------------------------------------------------------------------------------------------------------------------------------------------------------------------------------------------------------------------------------------------------+
; LAB ; Logic Cell ; Input                                                                                                                                                                                                                                                                                                                                                                                                               ; Output                                                                                                                                                                                                                                                                                                                                                                                                                                                                                                                                            ;
+-----+------------+---------------------------------------------------------------------------------------------------------------------------------------------------------------------------------------------------------------------------------------------------------------------------------------------------------------------------------------------------------------------------------------------------------------------+---------------------------------------------------------------------------------------------------------------------------------------------------------------------------------------------------------------------------------------------------------------------------------------------------------------------------------------------------------------------------------------------------------------------------------------------------------------------------------------------------------------------------------------------------+
;  A  ; LC9        ; romsel, cpu_rw                                                                                                                                                                                                                                                                                                                                                                                                      ; prg_oe                                                                                                                                                                                                                                                                                                                                                                                                                                                                                                                                            ;
;  A  ; LC16       ; romsel, cpu_rw                                                                                                                                                                                                                                                                                                                                                                                                      ; prg_we                                                                                                                                                                                                                                                                                                                                                                                                                                                                                                                                            ;
;  A  ; LC5        ; cpu_data[1], r[8][2], cpu_addr[13], cpu_rw, cpu_addr[0], cpu_addr[14], r[8][1], r[8][0], r[6][1], romsel                                                                                                                                                                                                                                                                                                            ; r[6][1], Mux5~19                                                                                                                                                                                                                                                                                                                                                                                                                                                                                                                                  ;
;  A  ; LC8        ; romsel                                                                                                                                                                                                                                                                                                                                                                                                              ; prg_ce                                                                                                                                                                                                                                                                                                                                                                                                                                                                                                                                            ;
;  A  ; LC6        ; cpu_data[1], r[8][1], r[8][2], cpu_addr[13], cpu_rw, cpu_addr[0], cpu_addr[14], r[8][0], r[7][1], romsel                                                                                                                                                                                                                                                                                                            ; r[7][1], Mux5~19                                                                                                                                                                                                                                                                                                                                                                                                                                                                                                                                  ;
;  A  ; LC15       ; cpu_data[0], r[8][1], r[8][2], cpu_addr[13], cpu_rw, cpu_addr[0], cpu_addr[14], r[8][0], r[7][0], romsel                                                                                                                                                                                                                                                                                                            ; r[7][0], Mux6~15                                                                                                                                                                                                                                                                                                                                                                                                                                                                                                                                  ;
;  A  ; LC3        ; cpu_data[6], cpu_addr[13], cpu_addr[14], cpu_addr[0], cpu_rw, r[8][3], romsel                                                                                                                                                                                                                                                                                                                                       ; r[8][3], Mux6~15, Mux5~19, Mux4~17, Mux3~17, Mux2~17, Mux1~17                                                                                                                                                                                                                                                                                                                                                                                                                                                                                     ;
;  A  ; LC12       ; cpu_data[4], r[8][2], cpu_addr[13], cpu_rw, cpu_addr[0], cpu_addr[14], r[8][1], r[8][0], r[6][4], romsel                                                                                                                                                                                                                                                                                                            ; r[6][4], Mux2~17                                                                                                                                                                                                                                                                                                                                                                                                                                                                                                                                  ;
;  A  ; LC14       ; r[8][3], cpu_addr[14], cpu_addr[13], r[6][4], r[7][4]                                                                                                                                                                                                                                                                                                                                                               ; prg_addr[17]                                                                                                                                                                                                                                                                                                                                                                                                                                                                                                                                      ;
;  A  ; LC10       ; cpu_data[1], cpu_addr[0], cpu_addr[14], cpu_addr[13], cpu_rw, r[9][1], romsel                                                                                                                                                                                                                                                                                                                                       ; r[9][1], irq_scanline_counter[1], irq_scanline_value                                                                                                                                                                                                                                                                                                                                                                                                                                                                                              ;
;  A  ; LC11       ; r[8][3], r[6][0], cpu_addr[14], cpu_addr[13], r[7][0]                                                                                                                                                                                                                                                                                                                                                               ; prg_addr[13]                                                                                                                                                                                                                                                                                                                                                                                                                                                                                                                                      ;
;  A  ; LC2        ; cpu_data[4], r[8][1], r[8][2], cpu_addr[13], cpu_rw, cpu_addr[0], cpu_addr[14], r[8][0], r[7][4], romsel                                                                                                                                                                                                                                                                                                            ; r[7][4], Mux2~17                                                                                                                                                                                                                                                                                                                                                                                                                                                                                                                                  ;
;  A  ; LC13       ; r[6][1], cpu_addr[13], r[8][3], cpu_addr[14], r[7][1]                                                                                                                                                                                                                                                                                                                                                               ; prg_addr[14]                                                                                                                                                                                                                                                                                                                                                                                                                                                                                                                                      ;
;  A  ; LC4        ; cpu_data[0], r[8][2], cpu_addr[13], cpu_rw, cpu_addr[0], cpu_addr[14], r[8][1], r[8][0], r[6][0], romsel                                                                                                                                                                                                                                                                                                            ; r[6][0], Mux6~15                                                                                                                                                                                                                                                                                                                                                                                                                                                                                                                                  ;
;  A  ; LC7        ; irq_scanline_reload_clear, irq_scanline_reload, cpu_addr[0], cpu_addr[14], cpu_addr[13], cpu_rw, romsel                                                                                                                                                                                                                                                                                                             ; irq_scanline_reload, irq_scanline_reload_clear, always3~12                                                                                                                                                                                                                                                                                                                                                                                                                                                                                        ;
;  A  ; LC1        ; cpu_data[0], r[8][1], r[8][0], r[8][2], cpu_addr[13], cpu_rw, cpu_addr[0], cpu_addr[14], r[2][0], romsel                                                                                                                                                                                                                                                                                                            ; r[2][0], chr_addr~323                                                                                                                                                                                                                                                                                                                                                                                                                                                                                                                             ;
;  B  ; LC32       ; ppu_addr[10], r[3][7], r[8][4], ppu_addr[12], ppu_addr[11], r[5][7], r[1][7]                                                                                                                                                                                                                                                                                                                                        ; chr_addr~320                                                                                                                                                                                                                                                                                                                                                                                                                                                                                                                                      ;
;  B  ; LC29       ; r[2][7], ppu_addr[10], r[8][4], ppu_addr[12], ppu_addr[11], r[4][7], r[5][7]                                                                                                                                                                                                                                                                                                                                        ; chr_addr~320                                                                                                                                                                                                                                                                                                                                                                                                                                                                                                                                      ;
;  B  ; LC28       ; cpu_data[5], cpu_addr[0], cpu_addr[14], cpu_addr[13], cpu_rw, r[9][5], romsel                                                                                                                                                                                                                                                                                                                                       ; r[9][5], irq_scanline_counter[5], irq_scanline_value                                                                                                                                                                                                                                                                                                                                                                                                                                                                                              ;
;  B  ; LC17       ; cpu_data[7], cpu_addr[13], cpu_addr[14], cpu_addr[0], cpu_rw, r[8][4], romsel                                                                                                                                                                                                                                                                                                                                       ; r[8][4], chr_addr~243, chr_addr~249, chr_addr~255, chr_addr~261, chr_addr~264, chr_addr~271, chr_addr~277, chr_addr~280, chr_addr~288, chr_addr~294, chr_addr~300, chr_addr~303, chr_addr~311, chr_addr~317, chr_addr~320, chr_addr~323, chr_addr~327, chr_addr~330, chr_addr~336, chr_addr~339, chr_addr~345, chr_addr~351, chr_addr~354                                                                                                                                                                                                         ;
;  B  ; LC31       ; cpu_data[7], r[8][1], r[8][0], r[8][2], cpu_addr[13], cpu_rw, cpu_addr[0], cpu_addr[14], r[1][7], romsel                                                                                                                                                                                                                                                                                                            ; r[1][7], chr_addr~317                                                                                                                                                                                                                                                                                                                                                                                                                                                                                                                             ;
;  B  ; LC21       ; cpu_data[7], r[8][1], r[8][0], r[8][2], cpu_addr[13], cpu_rw, cpu_addr[0], cpu_addr[14], r[3][7], romsel                                                                                                                                                                                                                                                                                                            ; r[3][7], chr_addr~317                                                                                                                                                                                                                                                                                                                                                                                                                                                                                                                             ;
;  B  ; LC20       ; cpu_data[7], r[8][1], r[8][2], cpu_addr[13], cpu_rw, cpu_addr[0], cpu_addr[14], r[8][0], r[5][7], romsel                                                                                                                                                                                                                                                                                                            ; r[5][7], chr_addr~311, chr_addr~317                                                                                                                                                                                                                                                                                                                                                                                                                                                                                                               ;
;  B  ; LC24       ; cpu_data[5], r[8][1], r[8][0], r[8][2], cpu_addr[13], cpu_rw, cpu_addr[0], cpu_addr[14], r[1][5], romsel                                                                                                                                                                                                                                                                                                            ; r[1][5], chr_addr~288                                                                                                                                                                                                                                                                                                                                                                                                                                                                                                                             ;
;  B  ; LC26       ; cpu_data[7], cpu_addr[0], cpu_addr[14], cpu_addr[13], cpu_rw, r[9][7], romsel                                                                                                                                                                                                                                                                                                                                       ; r[9][7], irq_scanline_counter[7], irq_scanline_value                                                                                                                                                                                                                                                                                                                                                                                                                                                                                              ;
;  B  ; LC25       ; cpu_data[5], r[8][2], cpu_addr[13], cpu_rw, cpu_addr[0], cpu_addr[14], r[8][1], r[8][0], r[4][5], romsel                                                                                                                                                                                                                                                                                                            ; r[4][5], chr_addr~351, chr_addr~354                                                                                                                                                                                                                                                                                                                                                                                                                                                                                                               ;
;  B  ; LC30       ; cpu_data[5], r[8][2], cpu_addr[13], cpu_rw, cpu_addr[0], cpu_addr[14], r[8][1], r[8][0], r[0][5], romsel                                                                                                                                                                                                                                                                                                            ; r[0][5], chr_addr~288                                                                                                                                                                                                                                                                                                                                                                                                                                                                                                                             ;
;  B  ; LC27       ; cpu_data[5], r[8][1], r[8][2], cpu_addr[13], cpu_rw, cpu_addr[0], cpu_addr[14], r[8][0], r[5][5], romsel                                                                                                                                                                                                                                                                                                            ; r[5][5], chr_addr~354                                                                                                                                                                                                                                                                                                                                                                                                                                                                                                                             ;
;  B  ; LC23       ; cpu_data[5], r[8][1], r[8][0], r[8][2], cpu_addr[13], cpu_rw, cpu_addr[0], cpu_addr[14], r[3][5], romsel                                                                                                                                                                                                                                                                                                            ; r[3][5], chr_addr~288, chr_addr~354                                                                                                                                                                                                                                                                                                                                                                                                                                                                                                               ;
;  B  ; LC18       ; cpu_data[7], r[8][1], r[8][0], r[8][2], cpu_addr[13], cpu_rw, cpu_addr[0], cpu_addr[14], r[2][7], romsel                                                                                                                                                                                                                                                                                                            ; r[2][7], chr_addr~311                                                                                                                                                                                                                                                                                                                                                                                                                                                                                                                             ;
;  B  ; LC19       ; cpu_data[7], r[8][2], cpu_addr[13], cpu_rw, cpu_addr[0], cpu_addr[14], r[8][1], r[8][0], r[4][7], romsel                                                                                                                                                                                                                                                                                                            ; r[4][7], chr_addr~311                                                                                                                                                                                                                                                                                                                                                                                                                                                                                                                             ;
;  B  ; LC22       ; cpu_data[7], r[8][2], cpu_addr[13], cpu_rw, cpu_addr[0], cpu_addr[14], r[8][1], r[8][0], r[0][7], romsel                                                                                                                                                                                                                                                                                                            ; r[0][7], chr_addr~320                                                                                                                                                                                                                                                                                                                                                                                                                                                                                                                             ;
;  C  ; LC41       ; m2, a12_low_time[2], a12_low_time[0], a12_low_time[1], ppu_addr[12]                                                                                                                                                                                                                                                                                                                                                 ; a12_low_time[0], a12_low_time[1], irq_scanline_reload_clear, irq_scanline_counter[4], irq_scanline_counter[0], Equal0~5sexp, irq_scanline_counter[1], irq_scanline_counter[2], irq_scanline_counter[3], irq_scanline_counter[5], irq_scanline_counter[6], irq_scanline_counter[7], irq_scanline_value                                                                                                                                                                                                                                             ;
;  C  ; LC46       ; r[9][5], always3~12, irq_scanline_counter[5], irq_scanline_counter[4], irq_scanline_counter[3], irq_scanline_counter[2], irq_scanline_counter[1], irq_scanline_counter[0], ppu_addr[12], a12_low_time[2], a12_low_time[0], a12_low_time[1]                                                                                                                                                                          ; always3~12, irq_scanline_counter[5], irq_scanline_counter[6], irq_scanline_counter[7], irq_scanline_value                                                                                                                                                                                                                                                                                                                                                                                                                                         ;
;  C  ; LC35       ; r[9][0], always3~12, irq_scanline_counter[0], ppu_addr[12], a12_low_time[2], a12_low_time[0], a12_low_time[1], Equal0~5sexp                                                                                                                                                                                                                                                                                         ; always3~12, irq_scanline_counter[4], irq_scanline_counter[0], irq_scanline_counter[1], irq_scanline_counter[2], irq_scanline_counter[3], irq_scanline_counter[5], irq_scanline_counter[6], irq_scanline_counter[7], irq_scanline_value                                                                                                                                                                                                                                                                                                            ;
;  C  ; LC33       ; m2, a12_low_time[2], a12_low_time[0], a12_low_time[1], ppu_addr[12]                                                                                                                                                                                                                                                                                                                                                 ; a12_low_time[0], a12_low_time[1], irq_scanline_reload_clear, irq_scanline_counter[4], irq_scanline_counter[0], Equal0~5sexp, irq_scanline_counter[1], irq_scanline_counter[2], irq_scanline_counter[3], irq_scanline_counter[5], irq_scanline_counter[6], irq_scanline_counter[7], irq_scanline_value                                                                                                                                                                                                                                             ;
;  C  ; LC45       ; irq_scanline_reload, irq_scanline_reload_clear, ppu_addr[12], a12_low_time[2], a12_low_time[0], a12_low_time[1]                                                                                                                                                                                                                                                                                                     ; irq_scanline_reload, irq_scanline_reload_clear, always3~12                                                                                                                                                                                                                                                                                                                                                                                                                                                                                        ;
;  C  ; LC37       ; m2, a12_low_time[2], ppu_addr[12]                                                                                                                                                                                                                                                                                                                                                                                   ; a12_low_time[0], a12_low_time[1], a12_low_time[2], irq_scanline_reload_clear, irq_scanline_counter[4], irq_scanline_counter[0], Equal0~5sexp, irq_scanline_counter[1], irq_scanline_counter[2], irq_scanline_counter[3], irq_scanline_counter[5], irq_scanline_counter[6], irq_scanline_counter[7], irq_scanline_value                                                                                                                                                                                                                            ;
;  C  ; LC38       ; irq_scanline_reload_clear, irq_scanline_reload, irq_scanline_counter[3], irq_scanline_counter[2], irq_scanline_counter[1], irq_scanline_counter[0], irq_scanline_counter[7], irq_scanline_counter[6], irq_scanline_counter[5], irq_scanline_counter[4]                                                                                                                                                              ; irq_scanline_counter[4], irq_scanline_counter[0], irq_scanline_counter[1], irq_scanline_counter[2], irq_scanline_counter[3], irq_scanline_counter[5], irq_scanline_counter[6], irq_scanline_counter[7], irq_scanline_value                                                                                                                                                                                                                                                                                                                        ;
;  C  ; LC39       ; r[9][4], always3~12, irq_scanline_counter[4], irq_scanline_counter[3], irq_scanline_counter[2], irq_scanline_counter[1], irq_scanline_counter[0], ppu_addr[12], a12_low_time[2], a12_low_time[0], a12_low_time[1]                                                                                                                                                                                                   ; always3~12, irq_scanline_counter[4], irq_scanline_counter[5], irq_scanline_counter[6], irq_scanline_counter[7], irq_scanline_value                                                                                                                                                                                                                                                                                                                                                                                                                ;
;  C  ; LC40       ; irq_scanline_enabled, irq_739~20, irq_scanline_value, irq_scanline_ready~19                                                                                                                                                                                                                                                                                                                                         ; irq_739~20, irq                                                                                                                                                                                                                                                                                                                                                                                                                                                                                                                                   ;
;  C  ; LC42       ; r[9][1], always3~12, irq_scanline_counter[1], irq_scanline_counter[0], ppu_addr[12], a12_low_time[2], a12_low_time[0], a12_low_time[1]                                                                                                                                                                                                                                                                              ; always3~12, irq_scanline_counter[4], irq_scanline_counter[1], irq_scanline_counter[2], irq_scanline_counter[3], irq_scanline_counter[5], irq_scanline_counter[6], irq_scanline_counter[7], irq_scanline_value                                                                                                                                                                                                                                                                                                                                     ;
;  C  ; LC43       ; r[9][2], always3~12, irq_scanline_counter[2], irq_scanline_counter[1], irq_scanline_counter[0], ppu_addr[12], a12_low_time[2], a12_low_time[0], a12_low_time[1]                                                                                                                                                                                                                                                     ; always3~12, irq_scanline_counter[4], irq_scanline_counter[2], irq_scanline_counter[3], irq_scanline_counter[5], irq_scanline_counter[6], irq_scanline_counter[7], irq_scanline_value                                                                                                                                                                                                                                                                                                                                                              ;
;  C  ; LC44       ; r[9][3], always3~12, irq_scanline_counter[3], irq_scanline_counter[2], irq_scanline_counter[1], irq_scanline_counter[0], ppu_addr[12], a12_low_time[2], a12_low_time[0], a12_low_time[1]                                                                                                                                                                                                                            ; always3~12, irq_scanline_counter[4], irq_scanline_counter[3], irq_scanline_counter[5], irq_scanline_counter[6], irq_scanline_counter[7], irq_scanline_value                                                                                                                                                                                                                                                                                                                                                                                       ;
;  C  ; LC47       ; r[9][6], always3~12, irq_scanline_counter[6], irq_scanline_counter[3], irq_scanline_counter[2], irq_scanline_counter[1], irq_scanline_counter[0], irq_scanline_counter[5], irq_scanline_counter[4], ppu_addr[12], a12_low_time[2], a12_low_time[0], a12_low_time[1]                                                                                                                                                 ; always3~12, irq_scanline_counter[6], irq_scanline_counter[7], irq_scanline_value                                                                                                                                                                                                                                                                                                                                                                                                                                                                  ;
;  C  ; LC36       ; r[9][7], always3~12, irq_scanline_counter[7], irq_scanline_counter[3], irq_scanline_counter[2], irq_scanline_counter[1], irq_scanline_counter[0], irq_scanline_counter[6], irq_scanline_counter[5], irq_scanline_counter[4], ppu_addr[12], a12_low_time[2], a12_low_time[0], a12_low_time[1]                                                                                                                        ; always3~12, irq_scanline_counter[7], irq_scanline_value                                                                                                                                                                                                                                                                                                                                                                                                                                                                                           ;
;  C  ; LC34       ; always3~12, irq_scanline_counter[4], irq_scanline_counter[0], irq_scanline_counter[7], irq_scanline_counter[6], irq_scanline_counter[5], irq_scanline_counter[1], irq_scanline_counter[3], irq_scanline_enabled, irq_scanline_counter[2], r[9][7], r[9][4], r[9][6], r[9][5], r[9][1], r[9][3], r[9][0], r[9][2], irq_scanline_value, ppu_addr[12], a12_low_time[2], a12_low_time[0], a12_low_time[1], Equal0~5sexp ; irq_scanline_value, irq_scanline_ready~19, irq_739~20                                                                                                                                                                                                                                                                                                                                                                                                                                                                                             ;
;  C  ; LC48       ; irq_scanline_value, irq_scanline_enabled, irq_scanline_ready~19                                                                                                                                                                                                                                                                                                                                                     ; irq_scanline_ready~19, irq_739~20                                                                                                                                                                                                                                                                                                                                                                                                                                                                                                                 ;
;  D  ; LC63       ; ppu_addr[10], r[5][6], r[8][4], ppu_addr[12], ppu_addr[11], r[3][6], r[1][6]                                                                                                                                                                                                                                                                                                                                        ; chr_addr~303                                                                                                                                                                                                                                                                                                                                                                                                                                                                                                                                      ;
;  D  ; LC54       ; ppu_addr[10], r[3][4], r[8][4], ppu_addr[12], ppu_addr[11], r[5][4], r[1][4]                                                                                                                                                                                                                                                                                                                                        ; chr_addr~280                                                                                                                                                                                                                                                                                                                                                                                                                                                                                                                                      ;
;  D  ; LC64       ; r[2][4], ppu_addr[10], r[8][4], ppu_addr[12], ppu_addr[11], r[4][4], r[5][4]                                                                                                                                                                                                                                                                                                                                        ; chr_addr~280                                                                                                                                                                                                                                                                                                                                                                                                                                                                                                                                      ;
;  D  ; LC51       ; cpu_data[0], cpu_addr[13], cpu_addr[14], cpu_addr[0], cpu_rw, r[8][5], romsel                                                                                                                                                                                                                                                                                                                                       ; r[8][5], ciram_a10~8                                                                                                                                                                                                                                                                                                                                                                                                                                                                                                                              ;
;  D  ; LC56       ; cpu_data[4], cpu_addr[0], cpu_addr[14], cpu_addr[13], cpu_rw, r[9][4], romsel                                                                                                                                                                                                                                                                                                                                       ; r[9][4], irq_scanline_counter[4], irq_scanline_value                                                                                                                                                                                                                                                                                                                                                                                                                                                                                              ;
;  D  ; LC50       ; cpu_data[0], cpu_addr[0], cpu_addr[14], cpu_addr[13], cpu_rw, r[9][0], romsel                                                                                                                                                                                                                                                                                                                                       ; r[9][0], irq_scanline_counter[0], irq_scanline_value                                                                                                                                                                                                                                                                                                                                                                                                                                                                                              ;
;  D  ; LC57       ; ppu_addr[11], r[8][5], ppu_addr[10]                                                                                                                                                                                                                                                                                                                                                                                 ; ciram_a10                                                                                                                                                                                                                                                                                                                                                                                                                                                                                                                                         ;
;  D  ; LC58       ; cpu_data[4], r[8][2], cpu_addr[13], cpu_rw, cpu_addr[0], cpu_addr[14], r[8][1], r[8][0], r[0][4], romsel                                                                                                                                                                                                                                                                                                            ; r[0][4], chr_addr~280                                                                                                                                                                                                                                                                                                                                                                                                                                                                                                                             ;
;  D  ; LC52       ; cpu_data[0], r[8][2], cpu_addr[13], cpu_rw, cpu_addr[0], cpu_addr[14], r[8][1], r[8][0], r[4][0], romsel                                                                                                                                                                                                                                                                                                            ; r[4][0], chr_addr~243, chr_addr~323                                                                                                                                                                                                                                                                                                                                                                                                                                                                                                               ;
;  D  ; LC61       ; cpu_data[4], r[8][1], r[8][0], r[8][2], cpu_addr[13], cpu_rw, cpu_addr[0], cpu_addr[14], r[1][4], romsel                                                                                                                                                                                                                                                                                                            ; r[1][4], chr_addr~277                                                                                                                                                                                                                                                                                                                                                                                                                                                                                                                             ;
;  D  ; LC59       ; cpu_data[4], r[8][1], r[8][0], r[8][2], cpu_addr[13], cpu_rw, cpu_addr[0], cpu_addr[14], r[3][4], romsel                                                                                                                                                                                                                                                                                                            ; r[3][4], chr_addr~277                                                                                                                                                                                                                                                                                                                                                                                                                                                                                                                             ;
;  D  ; LC60       ; cpu_data[4], r[8][1], r[8][2], cpu_addr[13], cpu_rw, cpu_addr[0], cpu_addr[14], r[8][0], r[5][4], romsel                                                                                                                                                                                                                                                                                                            ; r[5][4], chr_addr~271, chr_addr~277                                                                                                                                                                                                                                                                                                                                                                                                                                                                                                               ;
;  D  ; LC53       ; cpu_data[0], r[8][1], r[8][0], r[8][2], cpu_addr[13], cpu_rw, cpu_addr[0], cpu_addr[14], r[3][0], romsel                                                                                                                                                                                                                                                                                                            ; r[3][0], chr_addr~243                                                                                                                                                                                                                                                                                                                                                                                                                                                                                                                             ;
;  D  ; LC62       ; cpu_data[4], r[8][1], r[8][0], r[8][2], cpu_addr[13], cpu_rw, cpu_addr[0], cpu_addr[14], r[2][4], romsel                                                                                                                                                                                                                                                                                                            ; r[2][4], chr_addr~271                                                                                                                                                                                                                                                                                                                                                                                                                                                                                                                             ;
;  D  ; LC55       ; cpu_data[4], r[8][2], cpu_addr[13], cpu_rw, cpu_addr[0], cpu_addr[14], r[8][1], r[8][0], r[4][4], romsel                                                                                                                                                                                                                                                                                                            ; r[4][4], chr_addr~271                                                                                                                                                                                                                                                                                                                                                                                                                                                                                                                             ;
;  D  ; LC49       ; cpu_data[0], r[8][1], r[8][2], cpu_addr[13], cpu_rw, cpu_addr[0], cpu_addr[14], r[8][0], r[5][0], romsel                                                                                                                                                                                                                                                                                                            ; r[5][0], chr_addr~243                                                                                                                                                                                                                                                                                                                                                                                                                                                                                                                             ;
;  E  ; LC75       ; cpu_data[3], r[8][1], r[8][2], cpu_addr[13], cpu_rw, cpu_addr[0], cpu_addr[14], r[8][0], r[5][3], romsel                                                                                                                                                                                                                                                                                                            ; r[5][3], chr_addr~261, chr_addr~345                                                                                                                                                                                                                                                                                                                                                                                                                                                                                                               ;
;  E  ; LC80       ; cpu_data[3], r[8][1], r[8][0], r[8][2], cpu_addr[13], cpu_rw, cpu_addr[0], cpu_addr[14], r[3][3], romsel                                                                                                                                                                                                                                                                                                            ; r[3][3], chr_addr~261, chr_addr~345                                                                                                                                                                                                                                                                                                                                                                                                                                                                                                               ;
;  E  ; LC68       ; cpu_data[3], r[8][1], r[8][0], r[8][2], cpu_addr[13], cpu_rw, cpu_addr[0], cpu_addr[14], r[1][3], romsel                                                                                                                                                                                                                                                                                                            ; r[1][3], chr_addr~261                                                                                                                                                                                                                                                                                                                                                                                                                                                                                                                             ;
;  E  ; LC67       ; cpu_data[6], r[8][1], r[8][0], r[8][2], cpu_addr[13], cpu_rw, cpu_addr[0], cpu_addr[14], r[3][6], romsel                                                                                                                                                                                                                                                                                                            ; r[3][6], chr_addr~294, chr_addr~300                                                                                                                                                                                                                                                                                                                                                                                                                                                                                                               ;
;  E  ; LC76       ; cpu_data[6], r[8][1], r[8][2], cpu_addr[13], cpu_rw, cpu_addr[0], cpu_addr[14], r[8][0], r[5][6], romsel                                                                                                                                                                                                                                                                                                            ; r[5][6], chr_addr~300                                                                                                                                                                                                                                                                                                                                                                                                                                                                                                                             ;
;  E  ; LC69       ; r[2][6], ppu_addr[10], r[8][4], ppu_addr[12], ppu_addr[11], r[4][6], r[3][6]                                                                                                                                                                                                                                                                                                                                        ; chr_addr~303                                                                                                                                                                                                                                                                                                                                                                                                                                                                                                                                      ;
;  E  ; LC73       ; cpu_data[3], cpu_addr[0], cpu_addr[14], cpu_addr[13], cpu_rw, r[9][3], romsel                                                                                                                                                                                                                                                                                                                                       ; r[9][3], irq_scanline_counter[3], irq_scanline_value                                                                                                                                                                                                                                                                                                                                                                                                                                                                                              ;
;  E  ; LC74       ; cpu_data[6], cpu_addr[0], cpu_addr[14], cpu_addr[13], cpu_rw, r[9][6], romsel                                                                                                                                                                                                                                                                                                                                       ; r[9][6], irq_scanline_counter[6], irq_scanline_value                                                                                                                                                                                                                                                                                                                                                                                                                                                                                              ;
;  E  ; LC78       ; cpu_data[3], r[8][1], r[8][0], r[8][2], cpu_addr[13], cpu_rw, cpu_addr[0], cpu_addr[14], r[2][3], romsel                                                                                                                                                                                                                                                                                                            ; r[2][3], chr_addr~345                                                                                                                                                                                                                                                                                                                                                                                                                                                                                                                             ;
;  E  ; LC66       ; chr_addr~345, r[4][3], ppu_addr[10], r[8][4], ppu_addr[12], ppu_addr[11], r[5][3], r[3][3], r[1][3]                                                                                                                                                                                                                                                                                                                 ; chr_addr~264                                                                                                                                                                                                                                                                                                                                                                                                                                                                                                                                      ;
;  E  ; LC77       ; cpu_data[3], r[8][2], cpu_addr[13], cpu_rw, cpu_addr[0], cpu_addr[14], r[8][1], r[8][0], r[0][3], romsel                                                                                                                                                                                                                                                                                                            ; r[0][3], chr_addr~264                                                                                                                                                                                                                                                                                                                                                                                                                                                                                                                             ;
;  E  ; LC79       ; cpu_data[6], r[8][1], r[8][0], r[8][2], cpu_addr[13], cpu_rw, cpu_addr[0], cpu_addr[14], r[2][6], romsel                                                                                                                                                                                                                                                                                                            ; r[2][6], chr_addr~294                                                                                                                                                                                                                                                                                                                                                                                                                                                                                                                             ;
;  E  ; LC70       ; cpu_data[6], r[8][2], cpu_addr[13], cpu_rw, cpu_addr[0], cpu_addr[14], r[8][1], r[8][0], r[4][6], romsel                                                                                                                                                                                                                                                                                                            ; r[4][6], chr_addr~294                                                                                                                                                                                                                                                                                                                                                                                                                                                                                                                             ;
;  E  ; LC71       ; cpu_data[6], r[8][2], cpu_addr[13], cpu_rw, cpu_addr[0], cpu_addr[14], r[8][1], r[8][0], r[0][6], romsel                                                                                                                                                                                                                                                                                                            ; r[0][6], chr_addr~303                                                                                                                                                                                                                                                                                                                                                                                                                                                                                                                             ;
;  E  ; LC72       ; cpu_data[6], r[8][1], r[8][0], r[8][2], cpu_addr[13], cpu_rw, cpu_addr[0], cpu_addr[14], r[1][6], romsel                                                                                                                                                                                                                                                                                                            ; r[1][6], chr_addr~300                                                                                                                                                                                                                                                                                                                                                                                                                                                                                                                             ;
;  E  ; LC65       ; r[2][3], ppu_addr[10], r[8][4], ppu_addr[12], ppu_addr[11], r[4][3], r[5][3], r[3][3]                                                                                                                                                                                                                                                                                                                               ; chr_addr~261                                                                                                                                                                                                                                                                                                                                                                                                                                                                                                                                      ;
;  F  ; LC81       ; cpu_data[2], r[8][2], cpu_addr[13], cpu_rw, cpu_addr[0], cpu_addr[14], r[8][1], r[8][0], r[0][2], romsel                                                                                                                                                                                                                                                                                                            ; r[0][2], chr_addr~255                                                                                                                                                                                                                                                                                                                                                                                                                                                                                                                             ;
;  F  ; LC87       ; chr_addr~351, r[5][5], ppu_addr[10], r[8][4], ppu_addr[12], ppu_addr[11], r[3][5], r[2][5], r[4][5]                                                                                                                                                                                                                                                                                                                 ; chr_addr~288                                                                                                                                                                                                                                                                                                                                                                                                                                                                                                                                      ;
;  F  ; LC86       ; r[2][5], ppu_addr[10], r[8][4], ppu_addr[12], ppu_addr[11], r[4][5]                                                                                                                                                                                                                                                                                                                                                 ; chr_addr~354                                                                                                                                                                                                                                                                                                                                                                                                                                                                                                                                      ;
;  F  ; LC96       ; cpu_data[0], cpu_addr[13], cpu_addr[14], cpu_addr[0], cpu_rw, r[8][0], romsel                                                                                                                                                                                                                                                                                                                                       ; r[8][0], r[6][0], r[6][1], r[6][2], r[6][3], r[6][4], r[6][5], r[2][0], r[4][0], r[2][1], r[4][1], r[0][1], r[2][2], r[4][2], r[0][2], r[2][3], r[4][3], r[0][3], r[2][4], r[4][4], r[0][4], r[2][5], r[4][5], r[0][5], r[2][6], r[4][6], r[0][6], r[2][7], r[4][7], r[0][7], r[7][0], r[7][1], r[7][2], r[7][3], r[7][4], r[7][5], r[3][0], r[5][0], r[5][1], r[3][1], r[1][1], r[5][2], r[3][2], r[1][2], r[5][3], r[3][3], r[1][3], r[5][4], r[3][4], r[1][4], r[5][5], r[3][5], r[1][5], r[3][6], r[5][6], r[1][6], r[5][7], r[3][7], r[1][7] ;
;  F  ; LC85       ; chr_addr~339, ppu_addr[10], r[3][2], r[8][4], ppu_addr[12], ppu_addr[11], r[1][2], r[0][2]                                                                                                                                                                                                                                                                                                                          ; chr_addr[12]                                                                                                                                                                                                                                                                                                                                                                                                                                                                                                                                      ;
;  F  ; LC93       ;                                                                                                                                                                                                                                                                                                                                                                                                                     ; chr_we                                                                                                                                                                                                                                                                                                                                                                                                                                                                                                                                            ;
;  F  ; LC83       ; r[2][2], ppu_addr[10], r[8][4], ppu_addr[12], ppu_addr[11], r[4][2]                                                                                                                                                                                                                                                                                                                                                 ; chr_addr~339                                                                                                                                                                                                                                                                                                                                                                                                                                                                                                                                      ;
;  F  ; LC88       ; chr_addr~354, ppu_addr[10], r[3][5], r[8][4], ppu_addr[12], ppu_addr[11], r[1][5], r[0][5]                                                                                                                                                                                                                                                                                                                          ; chr_addr[15]                                                                                                                                                                                                                                                                                                                                                                                                                                                                                                                                      ;
;  F  ; LC84       ; chr_addr~336, r[5][2], ppu_addr[10], r[8][4], ppu_addr[12], ppu_addr[11], r[3][2], r[2][2], r[4][2]                                                                                                                                                                                                                                                                                                                 ; chr_addr~255                                                                                                                                                                                                                                                                                                                                                                                                                                                                                                                                      ;
;  F  ; LC95       ; cpu_data[2], r[8][1], r[8][0], r[8][2], cpu_addr[13], cpu_rw, cpu_addr[0], cpu_addr[14], r[3][2], romsel                                                                                                                                                                                                                                                                                                            ; r[3][2], chr_addr~255, chr_addr~339                                                                                                                                                                                                                                                                                                                                                                                                                                                                                                               ;
;  F  ; LC92       ; cpu_data[2], r[8][1], r[8][2], cpu_addr[13], cpu_rw, cpu_addr[0], cpu_addr[14], r[8][0], r[5][2], romsel                                                                                                                                                                                                                                                                                                            ; r[5][2], chr_addr~339                                                                                                                                                                                                                                                                                                                                                                                                                                                                                                                             ;
;  F  ; LC94       ; r[8][4], ppu_addr[12], ppu_addr[11], r[0][7], chr_addr~311, chr_addr~317                                                                                                                                                                                                                                                                                                                                            ; chr_addr[17]                                                                                                                                                                                                                                                                                                                                                                                                                                                                                                                                      ;
;  F  ; LC89       ; r[8][4], ppu_addr[12], ppu_addr[11], r[0][6], chr_addr~294, chr_addr~300                                                                                                                                                                                                                                                                                                                                            ; chr_addr[16]                                                                                                                                                                                                                                                                                                                                                                                                                                                                                                                                      ;
;  F  ; LC82       ; cpu_data[2], r[8][1], r[8][0], r[8][2], cpu_addr[13], cpu_rw, cpu_addr[0], cpu_addr[14], r[1][2], romsel                                                                                                                                                                                                                                                                                                            ; r[1][2], chr_addr~255                                                                                                                                                                                                                                                                                                                                                                                                                                                                                                                             ;
;  F  ; LC91       ;                                                                                                                                                                                                                                                                                                                                                                                                                     ; chr_addr[18]                                                                                                                                                                                                                                                                                                                                                                                                                                                                                                                                      ;
;  G  ; LC107      ; cpu_data[1], r[8][2], cpu_addr[13], cpu_rw, cpu_addr[0], cpu_addr[14], r[8][1], r[8][0], r[4][1], romsel                                                                                                                                                                                                                                                                                                            ; r[4][1], chr_addr~327, chr_addr~330                                                                                                                                                                                                                                                                                                                                                                                                                                                                                                               ;
;  G  ; LC110      ; cpu_data[1], r[8][1], r[8][0], r[8][2], cpu_addr[13], cpu_rw, cpu_addr[0], cpu_addr[14], r[2][1], romsel                                                                                                                                                                                                                                                                                                            ; r[2][1], chr_addr~327, chr_addr~330                                                                                                                                                                                                                                                                                                                                                                                                                                                                                                               ;
;  G  ; LC109      ; chr_addr~323, r[4][0], r[8][4], ppu_addr[12], ppu_addr[10], ppu_addr[11], r[5][0], r[3][0]                                                                                                                                                                                                                                                                                                                          ; chr_addr[10]                                                                                                                                                                                                                                                                                                                                                                                                                                                                                                                                      ;
;  G  ; LC102      ; chr_addr~330, ppu_addr[10], r[3][1], r[8][4], ppu_addr[12], ppu_addr[11], r[1][1], r[0][1]                                                                                                                                                                                                                                                                                                                          ; chr_addr[11]                                                                                                                                                                                                                                                                                                                                                                                                                                                                                                                                      ;
;  G  ; LC106      ; cpu_addr[0], cpu_addr[13], cpu_addr[14], cpu_rw, irq_scanline_enabled, romsel                                                                                                                                                                                                                                                                                                                                       ; irq_scanline_enabled, irq_scanline_value, irq_scanline_ready~19, irq_739~20                                                                                                                                                                                                                                                                                                                                                                                                                                                                       ;
;  G  ; LC99       ; r[8][4], ppu_addr[12], ppu_addr[11], r[0][3], chr_addr~261                                                                                                                                                                                                                                                                                                                                                          ; chr_addr[13]                                                                                                                                                                                                                                                                                                                                                                                                                                                                                                                                      ;
;  G  ; LC103      ; cpu_data[1], cpu_addr[13], cpu_addr[14], cpu_addr[0], cpu_rw, r[8][1], romsel                                                                                                                                                                                                                                                                                                                                       ; r[8][1], r[6][0], r[6][1], r[6][2], r[6][3], r[6][4], r[6][5], r[2][0], r[4][0], r[2][1], r[4][1], r[0][1], r[2][2], r[4][2], r[0][2], r[2][3], r[4][3], r[0][3], r[2][4], r[4][4], r[0][4], r[2][5], r[4][5], r[0][5], r[2][6], r[4][6], r[0][6], r[2][7], r[4][7], r[0][7], r[7][0], r[7][1], r[7][2], r[7][3], r[7][4], r[7][5], r[3][0], r[5][0], r[5][1], r[3][1], r[1][1], r[5][2], r[3][2], r[1][2], r[5][3], r[3][3], r[1][3], r[5][4], r[3][4], r[1][4], r[5][5], r[3][5], r[1][5], r[3][6], r[5][6], r[1][6], r[5][7], r[3][7], r[1][7] ;
;  G  ; LC97       ; r[8][4], ppu_addr[12], ppu_addr[11], r[0][4], chr_addr~271, chr_addr~277                                                                                                                                                                                                                                                                                                                                            ; chr_addr[14]                                                                                                                                                                                                                                                                                                                                                                                                                                                                                                                                      ;
;  G  ; LC104      ; cpu_data[1], r[8][1], r[8][0], r[8][2], cpu_addr[13], cpu_rw, cpu_addr[0], cpu_addr[14], r[3][1], romsel                                                                                                                                                                                                                                                                                                            ; r[3][1], chr_addr~249, chr_addr~330                                                                                                                                                                                                                                                                                                                                                                                                                                                                                                               ;
;  G  ; LC105      ; ppu_addr[13], ppu_rd                                                                                                                                                                                                                                                                                                                                                                                                ; chr_oe                                                                                                                                                                                                                                                                                                                                                                                                                                                                                                                                            ;
;  G  ; LC112      ; cpu_data[1], r[8][1], r[8][2], cpu_addr[13], cpu_rw, cpu_addr[0], cpu_addr[14], r[8][0], r[5][1], romsel                                                                                                                                                                                                                                                                                                            ; r[5][1], chr_addr~330                                                                                                                                                                                                                                                                                                                                                                                                                                                                                                                             ;
;  G  ; LC108      ; r[2][0], r[8][4], ppu_addr[12], ppu_addr[10], ppu_addr[11], r[4][0]                                                                                                                                                                                                                                                                                                                                                 ; chr_addr~243                                                                                                                                                                                                                                                                                                                                                                                                                                                                                                                                      ;
;  G  ; LC100      ; r[2][1], ppu_addr[10], r[8][4], ppu_addr[12], ppu_addr[11], r[4][1]                                                                                                                                                                                                                                                                                                                                                 ; chr_addr~330                                                                                                                                                                                                                                                                                                                                                                                                                                                                                                                                      ;
;  G  ; LC101      ; chr_addr~327, r[5][1], ppu_addr[10], r[8][4], ppu_addr[12], ppu_addr[11], r[3][1], r[2][1], r[4][1]                                                                                                                                                                                                                                                                                                                 ; chr_addr~249                                                                                                                                                                                                                                                                                                                                                                                                                                                                                                                                      ;
;  G  ; LC111      ; cpu_data[1], r[8][2], cpu_addr[13], cpu_rw, cpu_addr[0], cpu_addr[14], r[8][1], r[8][0], r[0][1], romsel                                                                                                                                                                                                                                                                                                            ; r[0][1], chr_addr~249                                                                                                                                                                                                                                                                                                                                                                                                                                                                                                                             ;
;  G  ; LC98       ; cpu_data[1], r[8][1], r[8][0], r[8][2], cpu_addr[13], cpu_rw, cpu_addr[0], cpu_addr[14], r[1][1], romsel                                                                                                                                                                                                                                                                                                            ; r[1][1], chr_addr~249                                                                                                                                                                                                                                                                                                                                                                                                                                                                                                                             ;
;  H  ; LC119      ; cpu_data[3], r[8][1], r[8][2], cpu_addr[13], cpu_rw, cpu_addr[0], cpu_addr[14], r[8][0], r[7][3], romsel                                                                                                                                                                                                                                                                                                            ; r[7][3], Mux3~17                                                                                                                                                                                                                                                                                                                                                                                                                                                                                                                                  ;
;  H  ; LC123      ; cpu_data[2], r[8][1], r[8][2], cpu_addr[13], cpu_rw, cpu_addr[0], cpu_addr[14], r[8][0], r[7][2], romsel                                                                                                                                                                                                                                                                                                            ; r[7][2], Mux4~17                                                                                                                                                                                                                                                                                                                                                                                                                                                                                                                                  ;
;  H  ; LC116      ; cpu_data[5], r[8][1], r[8][0], r[8][2], cpu_addr[13], cpu_rw, cpu_addr[0], cpu_addr[14], r[2][5], romsel                                                                                                                                                                                                                                                                                                            ; r[2][5], chr_addr~351, chr_addr~354                                                                                                                                                                                                                                                                                                                                                                                                                                                                                                               ;
;  H  ; LC117      ; cpu_data[3], r[8][2], cpu_addr[13], cpu_rw, cpu_addr[0], cpu_addr[14], r[8][1], r[8][0], r[6][3], romsel                                                                                                                                                                                                                                                                                                            ; r[6][3], Mux3~17                                                                                                                                                                                                                                                                                                                                                                                                                                                                                                                                  ;
;  H  ; LC120      ; cpu_data[5], r[8][2], cpu_addr[13], cpu_rw, cpu_addr[0], cpu_addr[14], r[8][1], r[8][0], r[6][5], romsel                                                                                                                                                                                                                                                                                                            ; r[6][5], Mux1~17                                                                                                                                                                                                                                                                                                                                                                                                                                                                                                                                  ;
;  H  ; LC128      ; r[8][3], cpu_addr[14], cpu_addr[13], r[6][5], r[7][5]                                                                                                                                                                                                                                                                                                                                                               ; prg_addr[18]                                                                                                                                                                                                                                                                                                                                                                                                                                                                                                                                      ;
;  H  ; LC121      ; cpu_data[2], cpu_addr[0], cpu_addr[14], cpu_addr[13], cpu_rw, r[9][2], romsel                                                                                                                                                                                                                                                                                                                                       ; r[9][2], irq_scanline_counter[2], irq_scanline_value                                                                                                                                                                                                                                                                                                                                                                                                                                                                                              ;
;  H  ; LC118      ; cpu_data[2], r[8][2], cpu_addr[13], cpu_rw, cpu_addr[0], cpu_addr[14], r[8][1], r[8][0], r[6][2], romsel                                                                                                                                                                                                                                                                                                            ; r[6][2], Mux4~17                                                                                                                                                                                                                                                                                                                                                                                                                                                                                                                                  ;
;  H  ; LC114      ; cpu_data[2], cpu_addr[13], cpu_addr[14], cpu_addr[0], cpu_rw, r[8][2], romsel                                                                                                                                                                                                                                                                                                                                       ; r[8][2], r[6][0], r[6][1], r[6][2], r[6][3], r[6][4], r[6][5], r[2][0], r[4][0], r[2][1], r[4][1], r[0][1], r[2][2], r[4][2], r[0][2], r[2][3], r[4][3], r[0][3], r[2][4], r[4][4], r[0][4], r[2][5], r[4][5], r[0][5], r[2][6], r[4][6], r[0][6], r[2][7], r[4][7], r[0][7], r[7][0], r[7][1], r[7][2], r[7][3], r[7][4], r[7][5], r[3][0], r[5][0], r[5][1], r[3][1], r[1][1], r[5][2], r[3][2], r[1][2], r[5][3], r[3][3], r[1][3], r[5][4], r[3][4], r[1][4], r[5][5], r[3][5], r[1][5], r[3][6], r[5][6], r[1][6], r[5][7], r[3][7], r[1][7] ;
;  H  ; LC126      ; r[8][3], cpu_addr[14], cpu_addr[13], r[6][3], r[7][3]                                                                                                                                                                                                                                                                                                                                                               ; prg_addr[16]                                                                                                                                                                                                                                                                                                                                                                                                                                                                                                                                      ;
;  H  ; LC125      ; r[8][3], cpu_addr[14], cpu_addr[13], r[6][2], r[7][2]                                                                                                                                                                                                                                                                                                                                                               ; prg_addr[15]                                                                                                                                                                                                                                                                                                                                                                                                                                                                                                                                      ;
;  H  ; LC122      ; cpu_data[3], r[8][2], cpu_addr[13], cpu_rw, cpu_addr[0], cpu_addr[14], r[8][1], r[8][0], r[4][3], romsel                                                                                                                                                                                                                                                                                                            ; r[4][3], chr_addr~261, chr_addr~345                                                                                                                                                                                                                                                                                                                                                                                                                                                                                                               ;
;  H  ; LC124      ; cpu_data[2], r[8][1], r[8][0], r[8][2], cpu_addr[13], cpu_rw, cpu_addr[0], cpu_addr[14], r[2][2], romsel                                                                                                                                                                                                                                                                                                            ; r[2][2], chr_addr~336, chr_addr~339                                                                                                                                                                                                                                                                                                                                                                                                                                                                                                               ;
;  H  ; LC127      ; cpu_data[2], r[8][2], cpu_addr[13], cpu_rw, cpu_addr[0], cpu_addr[14], r[8][1], r[8][0], r[4][2], romsel                                                                                                                                                                                                                                                                                                            ; r[4][2], chr_addr~336, chr_addr~339                                                                                                                                                                                                                                                                                                                                                                                                                                                                                                               ;
;  H  ; LC113      ; ppu_addr[13]                                                                                                                                                                                                                                                                                                                                                                                                        ; chr_ce                                                                                                                                                                                                                                                                                                                                                                                                                                                                                                                                            ;
;  H  ; LC115      ; cpu_data[5], r[8][1], r[8][2], cpu_addr[13], cpu_rw, cpu_addr[0], cpu_addr[14], r[8][0], r[7][5], romsel                                                                                                                                                                                                                                                                                                            ; r[7][5], Mux1~17                                                                                                                                                                                                                                                                                                                                                                                                                                                                                                                                  ;
+-----+------------+---------------------------------------------------------------------------------------------------------------------------------------------------------------------------------------------------------------------------------------------------------------------------------------------------------------------------------------------------------------------------------------------------------------------+---------------------------------------------------------------------------------------------------------------------------------------------------------------------------------------------------------------------------------------------------------------------------------------------------------------------------------------------------------------------------------------------------------------------------------------------------------------------------------------------------------------------------------------------------+


+---------------------------------------------------------------+
; Fitter Device Options                                         ;
+----------------------------------------------+----------------+
; Option                                       ; Setting        ;
+----------------------------------------------+----------------+
; Enable user-supplied start-up clock (CLKUSR) ; Off            ;
; Enable device-wide reset (DEV_CLRn)          ; Off            ;
; Enable device-wide output enable (DEV_OE)    ; Off            ;
; Enable INIT_DONE output                      ; Off            ;
; Configuration scheme                         ; Passive Serial ;
; Security bit                                 ; Off            ;
; Base pin-out file on sameframe device        ; Off            ;
+----------------------------------------------+----------------+


+-----------------+
; Fitter Messages ;
+-----------------+
Warning (20028): Parallel compilation is not licensed and has been disabled
Info (119006): Selected device EPM3128ATC100-10 for design "mmc1"
Warning (15705): Ignored locations or region assignments to the following nodes
    Warning (15706): Node "power_led" is assigned to location or region, but does not exist in design
Info: Quartus II 64-Bit Fitter was successful. 0 errors, 3 warnings
    Info: Peak virtual memory: 4687 megabytes
    Info: Processing ended: Sat Dec 21 15:07:18 2024
    Info: Elapsed time: 00:00:02
    Info: Total CPU time (on all processors): 00:00:01


